Angular_Width,27.0,36.0,31.0,29.0,35.0,39.0,42.0,47.0,35.0,39.0,30.0,34.0,47.0,32.0,38.0,36.0,41.0,37.0,34.0,50.0,20.0,32.0,28.0,59.0,40.0,45.0,39.0,23.0,23.0,39.0,38.0,35.0
Velocity,1700.0,1323.0,1334.0,602.0,815.0,1081.0,950.0,1450.0,900.0,870.0,1638.0,1200.0,1020.0,830.0,1225.0,680.0,648.0,400.0,1040.0,974.0,341.0,850.0,538.0,1500.0,944.0,1150.0,930.0,685.0,460.0,670.0,680.0,640.0
Observed,2.2430555555555554,1.9215277777777777,1.7048611111111112,3.270138888888889,2.7694444444444444,1.95,2.213888888888889,2.45,3.4923611111111112,2.854861111111111,2.6881944444444446,2.967361111111111,2.1631944444444446,2.770138888888889,2.727777777777778,3.80625,3.1902777777777778,4.250694444444444,2.9868055555555557,2.5791666666666666,3.9430555555555555,2.792361111111111,4.080555555555556,2.6798611111111112,2.2756944444444445,2.3958333333333335,2.776388888888889,3.9430555555555555,3.926388888888889,4.305555555555555,2.904861111111111,3.920138888888889
Spheroidal,,,,,,2.896392934024334,2.59092648467049,2.8773800916969776,,2.505732974037528,,,,2.2216111589223146,3.49736284930259,,4.13442142913118,3.8249111035838723,,3.2568670087493956,3.3760855505242944,,0.0,0.0,2.6329516232945025,,3.603881925344467,,4.374322686344385,3.1949116471223533,3.289526563603431,3.1275149206630886
tt_1.0h,,,,,,3.6939615393057466,3.6114418930374086,4.031295765191317,,2.7892746552824974,,,,2.4304078542627394,4.585027182940394,,5.317537184339017,4.341480639297515,,3.9575834218412638,3.305135640781373,,0.0,0.0,3.260727773886174,,4.348704901058227,,4.893793469294906,3.9106536842882633,3.913478196132928,3.6842369362711906
tt_1.1h,,,,,,3.6608233973383904,3.5553995738737285,3.9827642990276217,,2.7926711766049266,,,,2.43534643528983,4.506350373383611,,5.317537184339017,4.328745414502919,,3.9575834218412638,3.3074760171584785,,0.0,0.0,3.2395424228161573,,4.350380765274167,,4.893793469294906,3.8843784211203456,3.8882531723938882,3.664160667452961
tt_1.2h,,,,,,3.6283559165894985,3.504048345144838,3.937170155812055,,2.7926711766049266,,,,2.419769211206585,4.506350373383611,,5.250920679885894,4.316305688582361,,3.9307289668358862,3.309841255657375,,0.0,0.0,3.218419212847948,,4.311065611895174,,4.8656055009923875,3.8599740802310407,3.864616998936981,3.667160738259554
tt_1.3h,,,,,,3.5982812428846955,3.4587131328880787,3.8934923065826297,,2.813062908127904,,,,2.406340298242867,4.436961722094566,,5.240716653410345,4.304253843147308,,3.932653544470668,3.3100199946202338,,0.0,0.0,3.1986710159108043,,4.311065611895174,,4.853846174664795,3.8374930401332676,3.842475718818605,3.648134458810091
tt_1.4h,,,,,,3.601298863068223,3.4159660511650145,3.851595759857446,,2.813062908127904,,,,2.3935823109932244,4.371930595021695,,5.178026540670544,4.2925304104574025,,3.9083775165490806,3.3124326332472265,,0.0,0.0,3.2008174620568752,,4.27415412152186,,4.8258283929899335,3.8163689603097737,3.821675879880786,3.6300697312690318
tt_1.5h,,,,,,3.5717828841879964,3.3761000079102814,3.8118731565773487,,2.741039344575256,,,,2.3823303733952343,4.377514699473977,,5.178026540670544,4.281080804299563,,3.8866605442017317,3.3124326332472265,,0.0,0.0,3.1812594924122095,,4.259902762249112,,4.8258283929899335,3.796461437828839,3.824447873979807,3.6128805303014815
tt_1.6h,,,,,,3.544261814560741,3.340554275549948,3.7740912795998156,,2.759879147168249,,,,2.3716781395487487,4.316707595251501,,5.120085872709751,4.269904973916709,,3.8866605442017317,3.3148701316677034,,0.0,0.0,3.1629761029034853,,4.224549299106002,,4.830204009544104,3.777619959320873,3.805074487347156,3.5964849102310836
tt_1.7h,,,,,,3.517477967310697,3.306603120174259,3.7377418214455247,,2.759879147168249,,,,2.3716781395487487,4.261582089588046,,5.125901096966118,4.259043686557561,,3.865790341515094,3.29899042006582,,0.0,0.0,3.1449923841282725,,4.224549299106002,,4.802664479240775,3.7597299604676664,3.7867472656071186,3.5808036606758833
tt_1.8h,,,,,,3.4915608116425574,3.2755562108941376,3.7026095213368535,,2.779137623962015,,,,2.361762899905443,4.261582089588046,,5.072623580228537,4.2484872210770845,,3.8514617681503296,3.301469839643687,,0.0,0.0,3.1273960140533745,,4.226491277571768,,4.802664479240775,3.7426881580613554,3.7693393724039197,3.565781854093075
tt_1.9h,,,,,,3.4669921584427357,3.245715880766511,3.6692805038765073,,2.711259971372783,,,,2.35302762594074,4.208441986236721,,5.072623580228537,4.2382176872342825,,3.8317794939503074,3.3039811830967665,,0.0,0.0,3.110647856257856,,4.19272103253752,,4.775739654432982,3.7264114152640104,3.7527549169026315,3.5513635729439557
tt_2.0h,,,,,,3.4427919443696737,3.2182319732382894,3.636963028460741,,2.711259971372783,,,,2.3444850449450314,4.198321885894984,,5.078397286590189,4.242668278981,,3.813313342165202,3.3039811830967665,,0.0,0.0,3.0941379563882947,,4.160725420806557,,4.780185455922037,3.7108303108252585,3.7527549169026315,3.5375070865266025
tt_2.1h,,,,,,3.419950638897717,3.1919182604178786,3.6058982242830098,,2.713081921916455,,,,2.336777619086206,4.148957057390362,,5.02889396622777,4.2327043688856065,,3.813313342165202,3.3042519497685134,,0.0,0.0,3.078092344570905,,4.160725420806557,,4.754178068600595,3.696055165026337,3.736916554160416,3.5375070865266025
tt_2.2h,,,,,,3.3976470450870693,3.167785009369254,3.5761455046012998,,2.655553014948964,,,,2.3413750333711505,4.101924991235137,,5.02889396622777,4.223008881788701,,3.8150861021131277,3.3068120069801807,,0.0,0.0,3.0626510912552476,,4.162841083016247,,4.754178068600595,3.6818450270220637,3.7396547994576395,3.5241660648025572
tt_2.3h,,,,,,3.375949448905885,3.1440109983086586,3.5471657440066338,,2.7313890368677676,,,,2.3344009248539805,4.05734045850113,,5.0346506629139185,4.213596378918737,,3.796836216468364,3.3093975773081183,,0.0,0.0,3.0476134694181383,,4.132013193331659,,4.758648938499391,3.668305177707225,3.7244868273846805,3.5113215590827167
tt_2.4h,,,,,,3.3551021409220994,3.1222014320082963,3.519688431173563,,2.6724559939466417,,,,2.3277529082261026,4.05734045850113,,4.988276994787157,4.204420929774642,,3.779423321131617,3.312008368317038,,0.0,0.0,3.032783452887088,,4.1019326890818775,,4.733605034183711,3.6550884800963104,3.7099334495142102,3.5144479060545564
tt_2.5h,,,,,,3.3551021409220994,3.10118920635432,3.4928296240977943,,2.620717234443873,,,,2.321331011131406,4.063257942441851,,4.944758103694767,4.1955079371109605,,3.7624940765090287,3.309715041425079,,0.0,0.0,3.018791310954839,,4.134210164193064,,4.7096563265658915,3.6423377501778305,3.696104046422988,3.5021906779147685
tt_2.6h,,,,,,3.334975457750261,3.0811715279705822,3.4669234342873096,,2.689266203902662,,,,2.3152761138044298,4.02067177509889,,4.977876058779657,4.1868370939046144,,3.781222116202116,3.3123491797596216,,0.0,0.0,3.0049321306869388,,4.104212546721101,,4.722018855623901,3.629980667028576,3.682778436690569,3.490339405834675
tt_2.7h,,,,,,3.338496285956353,3.062028985004872,3.4418373350054026,,2.6368438811041415,,,,2.3097908347845078,3.980327110737562,,4.93434850871563,4.178383965045214,,3.764306116849184,3.3150091231800616,,0.0,0.0,3.0049321306869388,,4.075260286219418,,4.698076314292848,3.6181479073129594,3.6700579482130706,3.478886318858713
tt_2.8h,,,,,,3.3192094857804477,3.0434764428064227,3.4178711283020675,,2.706867153290659,,,,2.3046267051249743,3.941234635654837,,4.893344854004681,4.1701702158898115,,3.7478994275443256,3.3176892693154514,,0.0,0.0,3.0077256839722395,,4.047748228535056,,4.674999289214611,3.606799442321062,3.657641965895891,3.4677717587910593
tt_2.9h,,,,,,3.3000820935703814,3.026129722595215,3.3943508248776197,,2.6528830700553954,,,,2.2994349556975067,3.9043988953344524,,4.940047458279878,4.162156851030886,,3.731942171230912,3.320402514655143,,0.0,0.0,2.9944485989399254,,4.061512454412878,,4.702612845227122,3.5956702660769224,3.65669213142246,3.456991764716804
tt_3.0h,,,,,,3.281553242355585,3.0096768965013325,3.3714430318214,,2.6076373304240406,,,,2.294897467829287,3.9471212942153215,,4.898998903110623,4.154366554226726,,3.7337985476478934,3.318077593576163,,0.0,0.0,2.9811174771748483,,4.034076706971973,,4.6795392031781375,3.584833977278322,3.6442528860643506,3.4465445880778134
tt_3.1h,,,,,,3.2637811261229217,2.9935127506032586,3.3494160803966224,,2.653561294544488,,,,2.29041220061481,3.9103013989515603,,4.860186426900327,4.146761454176158,,3.7337985476478934,3.320814721751958,,0.0,0.0,2.9683179608546197,,4.007164197042584,,4.657316232100129,3.574291198514402,3.6322140311822295,3.4363772496581078
tt_3.2h,,,,,,3.2464382238686085,2.9779250067658722,3.3075933470390737,,2.6073282547295094,,,,2.29508193815127,3.874279084149748,,4.823248874396086,4.1393505204468966,,3.717967546079308,3.3235786790028214,,0.0,0.0,2.955765020567924,,3.9806919754482806,,4.661869506817311,3.56404922157526,3.620547182392329,3.4264908055774868
tt_3.3h,,,,,,3.2293626023456454,2.962940415367484,3.287519556004554,,2.5664640865288675,,,,2.290801143273711,3.840314637403935,,4.865826946683228,4.132142350077629,,3.7027992345392704,3.326369557995349,,0.0,0.0,2.9436393813230097,,4.009666476398706,,4.661869506817311,3.5542820361442864,3.609375586733222,3.4168891087174416
tt_3.4h,,,,,,3.2126697478815913,2.948807556182146,3.2678581182844937,,2.62307009100914,,,,2.290801143273711,3.807393184863031,,4.82889988925308,4.125099786557257,,3.6879377672448754,3.3107264824211597,,0.0,0.0,2.931809120811522,,3.983267351053655,,4.640495851170272,3.5447683590464294,3.5986263300292194,3.4075223952531815
tt_3.5h,,,,,,3.1967745977453887,2.9348913771100342,3.2490048706531525,,2.581761956214905,,,,2.2871582391671836,3.813265030272305,,4.79361558239907,4.118247644044459,,3.6736698583699763,3.3107264824211597,,0.0,0.0,2.9200798766687512,,3.9583790455944836,,4.61991770286113,3.5354700847528875,3.588051846716553,3.398413735907525
tt_3.6h,,,,,,3.181192529387772,2.908732919488102,3.230544305406511,,2.596984046511352,,,,2.2832455672323704,3.813265030272305,,4.799240064341575,4.111548969522119,,3.6736698583699763,3.3135683853179216,,0.0,0.0,2.9086279636248946,,3.9612524141557515,,4.645059875678271,3.526287261862308,3.590759175363928,3.4016113225370646
tt_3.7h,,,,,,3.1657384815625846,2.896623516920954,3.212650772649795,,2.596984046511352,,,,2.279747837688774,3.781316198874265,,4.799240064341575,4.105029051192105,,3.658832003362477,3.3164373678155243,,0.0,0.0,2.8975362749770284,,3.9612524141557515,,4.624526732601225,3.517340012360364,3.580593766644597,3.3927191020920873
tt_3.8h,,,,,,3.150859505403787,2.884423593059182,3.195069042034447,,2.561661658808589,,,,2.2763145570643246,3.750936206895858,,4.765430069062859,4.098651683423668,,3.644610674120486,3.3169481344521046,,0.0,0.0,2.886788310483098,,3.9365242728963494,,4.604752684012055,3.5004305075854063,3.5705639547668397,3.38406278565526
tt_3.9h,,,,,,3.136093307286501,2.872506300918758,3.1781583381816745,,2.575880545657128,,,,2.272930420935154,3.7213609470054507,,4.754947620909661,4.103064501658082,,3.646587384864688,3.3169481344521046,,0.0,0.0,2.876093725208193,,3.9126360611990094,,4.593263745773584,3.49223937606439,3.5705639547668397,3.375597189180553
tt_4.0h,,,,,,3.1400532461702824,2.861505954992026,3.1615738794207573,,2.575880545657128,,,,2.270073454361409,3.711089914664626,,4.754947620909661,4.096839138306677,,3.6326405596919358,3.319864171091467,,0.0,0.0,2.865731386002153,,3.9154154993593693,,4.593263745773584,3.4841532413847744,3.560804562177509,3.3674557344056666
tt_4.1h,,,,,,3.126024305354804,2.8506164122372866,3.1453589727170765,,2.575247436761856,,,,2.2668661554344,3.6825115173123777,,4.722429970744997,4.090761458966881,,3.6326405596919358,3.322814723942429,,0.0,0.0,2.869206728413701,,3.9154154993593693,,4.574286128859967,3.4763065418228507,3.551581898704171,3.3674557344056666
tt_4.2h,,,,,,3.1122171776369214,2.8400443298742175,3.1296334746293724,,2.575247436761856,,,,2.264034404885024,3.6825115173123777,,4.728071327786893,4.084842890966684,,3.619006949942559,3.3233769084326923,,0.0,0.0,2.8588559166528285,,3.891979049425572,,4.578881056513637,3.468557581305504,3.542474786285311,3.359484948217869
tt_4.3h,,,,,,3.098786173854023,2.8297849311493337,3.1143012228421867,,2.5424776263535023,,,,2.25243373028934,3.655308019835502,,4.696743794251233,4.079046884551644,,3.621033408213407,3.3263814342208207,,0.0,0.0,2.8491586623713374,,3.878697353415191,,4.578881056513637,3.4612996480427682,3.533586412668228,3.3517117127776146
tt_4.4h,,,,,,3.085526072885841,2.8197862058877945,3.0993116134777665,,2.557318715378642,,,,2.2496950943022966,3.628573472145945,,4.696743794251233,4.073401092085987,,3.607516560703516,3.3263814342208207,,0.0,0.0,2.839548131916672,,3.8562081791460514,,4.560620058327913,3.454032750800252,3.53629631921649,3.3440944142639637
tt_4.5h,,,,,,3.0724385282956064,2.810109867248684,3.0845351479947567,,2.557318715378642,,,,2.247184108477086,3.634242385160178,,4.7023848462849855,4.067871312610805,,3.5943073090165854,3.329414527863264,,0.0,0.0,2.82993553718552,,3.8562081791460514,,4.565217470284551,3.4468267946504056,3.5275111608207226,3.3366608223877847
tt_4.6h,,,,,,3.0597336501814425,2.80054932506755,3.070304019842297,,2.572411749511957,,,,2.2445014812983572,3.608443096280098,,4.672114934772253,4.062467471230775,,3.5943073090165854,3.33002943219617,,0.0,0.0,2.8205285146832466,,3.8343879766762257,,4.547627533785999,3.439827491529286,3.518901230301708,3.3293698974885046
tt_4.7h,,,,,,3.047479800414294,2.791304453741759,3.056212421040982,,2.542613632977009,,,,2.2421823549084365,3.5836747619323432,,4.672114934772253,4.057200230192393,,3.5963834864087403,3.33311749715358,,0.0,0.0,2.8115005120635033,,3.8373236092738807,,4.547627533785999,3.432903283275664,3.510864457115531,3.3222509687766433
tt_4.8h,,,,,,3.035442817956209,2.782657078001648,3.042470360174775,,2.542613632977009,,,,2.239848635159433,3.5836747619323432,,4.643120082095265,4.052037932444364,,3.58355482108891,3.3362301038578153,,0.0,0.0,2.8026407626457512,,3.8157049384899437,,4.5522261038422585,3.426410143263638,3.510864457115531,3.3093850915320218
tt_4.9h,,,,,,3.023616334889084,2.7739776577800512,3.0291513269767165,,2.556782173458487,,,,2.237576520536095,3.559754437766969,,4.648765302728862,4.046990921255201,,3.570771317463368,3.3362301038578153,,0.0,0.0,2.7939024353399873,,3.8157049384899437,,4.535252506379038,3.419903011061251,3.5027880053967237,3.3024182384833694
tt_5.0h,,,,,,3.023616334889084,2.765558612998575,3.0159576227888465,,2.529392695054412,,,,2.2354700854048133,3.565477402880788,,4.620663528796285,4.042070316616446,,3.5584141383878887,3.3207957479171455,,0.0,0.0,2.785487667657435,,3.8187068016268313,,4.518862860742956,3.4134244807064533,3.494807581882924,3.295577649027109
tt_5.1h,,,,,,3.011896955780685,2.757273579481989,3.003046626225114,,2.555427461396903,,,,2.2354700854048133,3.541963104624301,,4.620663528796285,4.037244044709951,,3.5584141383878887,3.323971730656922,,0.0,0.0,2.776965586002916,,3.7980755320750177,,4.523746788967401,3.4071636158041656,3.4975262875668705,3.2888927408494055
tt_5.2h,,,,,,3.000564381480217,2.7493704832158983,2.9904715423472226,,2.5276357117109,,,,2.2332896180450916,3.5193178597837687,,4.610183419659734,4.032523878850043,,3.5443607294000685,3.3271784936077893,,0.0,0.0,2.768920933827758,,3.777409146539867,,4.507364876102656,3.4009406766854227,3.489688828587532,3.2823244547471404
tt_5.3h,,,,,,2.989402862265706,2.7416267204098403,2.978193184360862,,2.5030282847583294,,,,2.23764264350757,3.49736284930259,,4.582910760771483,4.027904941234738,,3.532402171753347,3.3304160414263606,,0.0,0.0,2.768920933827758,,3.777409146539867,,4.491537533234805,3.3950897622853518,3.482273867353797,3.2759035686030984
tt_5.4h,,,,,,2.97761284513399,2.733849562238902,2.9660677411593497,,2.542364701628685,,,,2.2356554800644517,3.5248613147996366,,4.556403445545584,4.023401543032378,,3.5202504489570856,3.3304160414263606,,0.0,0.0,2.760819467715919,,3.780499378684908,,4.491537533234805,3.389145416673273,3.4750595656223595,3.2696076668798923
tt_5.5h,,,,,,2.966672790236771,2.7263875361531973,2.9542526840232313,,2.5170462299138308,,,,2.233719033189118,3.5030146911740303,,4.588553078472614,4.018979082349688,,3.508452706038952,3.3311709044501185,,0.0,0.0,2.7485015196725726,,3.761105622164905,,4.4961655721999705,3.3834369448013604,3.467835895717144,3.2634167331270874
tt_5.6h,,,,,,2.956096542067826,2.719120552763343,2.9427002486772835,,2.5574006102979183,,,,2.231816093903035,3.4815990030765533,,4.562031836714596,4.014648317825049,,3.522438669577241,3.3344621299766004,,0.0,0.0,2.7406740551814437,,3.741569426842034,,4.4808646235615015,3.3777347411960363,3.4606490889564157,3.2573606451041996
tt_5.7h,,,,,,2.9456242732703686,2.7120889355428517,2.9312725523486733,,2.53110519843176,,,,2.2299841050989926,3.4609679095447063,,4.536247079260647,4.010407526511699,,3.510659283492714,3.337792592588812,,0.0,0.0,2.7329433131963015,,3.748137687332928,,4.466059527359903,3.372077346779406,3.4536871812306345,3.2514017238281667
tt_5.8h,,,,,,2.9354809280484915,2.705201605334878,2.920118042267859,,2.50717401644215,,,,2.2282782210968435,3.4407930923625827,,4.567669743672013,4.006270002108067,,3.499192166607827,3.341155879199505,,0.0,0.0,2.7253418057225645,,3.728651789482683,,4.485465109813958,3.366510858759284,3.4472960592247546,3.245572218671441
tt_5.9h,,,,,,2.9254088243469596,2.698470378294587,2.9092179075814784,,2.5452131498605013,,,,2.226585634984076,3.4302412350662053,,4.541871207300574,4.010644795373082,,3.487802993506193,3.3386088525876403,,0.0,0.0,2.7180654546245933,,3.710285193286836,,4.470663630403578,3.361336134839803,3.4403178598731756,3.2398500270210207
tt_6.0h,,,,,,2.9155989037826657,2.6918685897253454,2.898367885965854,,2.521568756084889,,,,2.2248554918915033,3.4302412350662053,,4.516763493884355,4.006590930279344,,3.4900526041164994,3.3420017999596894,,0.0,0.0,2.71095851669088,,3.6915940642356873,,4.456331828143448,3.356134374625981,3.433782620355487,3.243121549487114
tt_6.1h,,,,,,2.9058921108953655,2.685434974730015,2.8877717689611018,,2.4998701428994536,,,,2.2231930708512664,3.4108590842224658,,4.522400415502489,4.006590930279344,,3.4900526041164994,3.345427967607975,,0.0,0.0,2.7038086685352027,,3.7135152793489397,,4.475260002538562,3.3508877772837877,3.427122564986348,3.2375070150010288
tt_6.2h,,,,,,2.896392934024334,2.6791239855811,2.8773800916969776,,2.519827989395708,,,,2.2216111589223146,3.391854343470186,,4.522400415502489,4.002605612389743,,3.478991550859064,3.3488877546042204,,0.0,0.0,2.6969119142740965,,3.694961743429303,,4.460955054033548,3.3457676423713565,3.4205909785814583,3.2375070150010288
tt_6.3h,,,,,,2.887159489095211,2.6729305940680206,2.8671610918827355,,2.498021120671183,,,,2.2201356519944966,3.373373817652464,,4.4979100613854825,3.99870169442147,,3.4679398289881647,3.349793960340321,,0.0,0.0,2.6899571125395596,,3.6774183213710785,,4.44706940324977,3.3406844646669924,3.4140805234201252,3.2319781337864697
tt_6.4h,,,,,,2.877972261980176,2.6670858431607485,2.847252174280584,,2.5114871500991285,,,,2.2243283460848033,3.378746702335775,,4.474036539439112,3.994877076242119,,3.457205483689904,3.349793960340321,,0.0,0.0,2.6834912351332605,,3.6595737445168197,,4.435559064615518,3.3357365648262203,3.4080452667549253,3.22656540106982
tt_6.5h,,,,,,2.8690016325563192,2.6612593699246645,2.8375275493599474,,2.5114871500991285,,,,2.2228559320792556,3.3608863120898604,,4.487433046568185,3.9911450049839914,,3.4595139767043293,3.3533209171146154,,0.0,0.0,2.676842990797013,,3.6807376788929105,,4.435559064615518,3.3310775910504162,3.410796107724309,3.2212490029633045
tt_6.6h,,,,,,2.8601114712655544,2.655525006353855,2.827987971715629,,2.490747964475304,,,,2.2214171369560063,3.3608863120898604,,4.463543593883514,3.987473295070231,,3.4595139767043293,3.3568833763711154,,0.0,0.0,2.670528817921877,,3.6629384085536003,,4.422097550239414,3.326279715169221,3.4045886150561273,3.216010481119156
tt_6.7h,,,,,,2.8644750332459807,2.649864796549082,2.8185202847234905,,2.525481377262622,,,,2.219980745576322,3.3435381916351616,,4.440238544717431,3.9838750287890434,,3.4489326612092555,3.3417541636154056,,0.0,0.0,2.6642483035102487,,3.6462502875365317,,4.426685458980501,3.3216655175201595,3.398616696242243,3.2108803810551763
tt_6.8h,,,,,,2.855910375714302,2.6443835832178593,2.8092477596364915,,2.504527755547315,,,,2.219980745576322,3.326540935318917,,4.445835319813341,3.9803484701551497,,3.4385753204114735,3.3453590907156467,,0.0,0.0,2.657931155990809,,3.6496554822660983,,4.413649639580399,3.316987778991461,3.398616696242243,3.205839367583394
tt_6.9h,,,,,,2.8473600284196436,2.6389494319446385,2.8001305712386966,,2.519051034003496,,,,2.2185393539257348,3.331943714991212,,4.445835319813341,3.976906968280673,,3.4248216301202774,3.3453590907156467,,0.0,0.0,2.6620037625543773,,3.6326819281093776,,4.413649639580399,3.312402200885117,3.392589776776731,3.200869203079492
tt_7.0h,,,,,,2.8390297470614314,2.6336527108214796,2.7911879108287394,,2.519051034003496,,,,2.217199721839279,3.3152579059824347,,4.423069037962705,3.9735191697254777,,3.414645587094128,3.348982128780335,,0.0,0.0,2.6560178827494383,,3.6326819281093776,,4.400972574017942,3.3078823145478964,3.38693009596318,3.196001152507961
tt_7.1h,,,,,,2.830847966019064,2.6285347449593246,2.782290523406118,,2.499177717603743,,,,2.21584149915725,3.3152579059824347,,4.428647200576961,3.9701979788951576,,3.414645587094128,3.3499721973203123,,0.0,0.0,2.650160157121718,,3.6165195531211793,,4.405553912278265,3.303639304358512,3.3812764096073806,3.191215588245541
tt_7.2h,,,,,,2.822813184466213,2.618619811255485,2.7736693965271115,,2.496727110352367,,,,2.214505795389414,3.29913897998631,,4.406594215892255,3.9669419466517866,,3.4044505059719086,3.353631670586765,,0.0,0.0,2.6442207926884294,,3.603881925344467,,4.405553912278265,3.299386422149837,3.3840657542459667,3.194512225687504
tt_7.3h,,,,,,2.814947808627039,2.6137657458893955,2.7650512363761663,,2.496727110352367,,,,2.2132648578844965,3.283425936475396,,4.406594215892255,3.963749593589455,,3.406841252464801,3.353631670586765,,0.0,0.0,2.6386246872134507,,3.587976855225861,,4.393239735160023,3.295162503607571,3.3784407917410135,3.189809984061867
tt_7.4h,,,,,,2.807117333635688,2.608988098334521,2.756594143807888,,2.5105521264486015,,,,2.2120007378980517,3.2886741389520466,,4.412183715496212,3.960634492803365,,3.39702358096838,3.3573107733391225,,0.0,0.0,2.6329516232945025,,3.587976855225861,,4.397837082855403,3.29099706094712,3.37292149849236,3.1851705610752106
tt_7.5h,,,,,,2.807117333635688,2.6043283781036735,2.74826272809878,,2.491911618039012,,,,2.216160513460636,3.273492930456996,,4.3906297399662435,3.9575655474327505,,3.3873478127643466,3.3583327154628932,,0.0,0.0,2.627442843746394,,3.5914664110168815,,4.3858648533932865,3.282724117860198,3.3675998938269913,3.180625536479056
tt_7.6h,,,,,,2.799468071665615,2.599759853910655,2.7400228925980628,,2.491911618039012,,,,2.214909479022026,3.2586635784246027,,4.3906297399662435,3.954556068405509,,3.3873478127643466,3.3620498315431178,,0.0,0.0,2.6220876527950168,,3.5760101582854986,,4.3858648533932865,3.2786863623186946,3.3624041653238237,3.1761554623954
tt_7.7h,,,,,,2.791931073181331,2.595220613759011,2.7319972408004105,,2.505732974037528,,,,2.2136623673141003,3.2586635784246027,,4.380148916039616,3.951604683883488,,3.389777443371713,3.3657809495925903,,0.0,0.0,2.616760265082121,,3.5609583435580134,,4.374322686344385,3.274703432805836,3.3624041653238237,3.1717420290224254
tt_7.8h,,,,,,2.784528669435531,2.59092648467049,2.7239729543216527,,2.4876728034578264,,,,2.212468664161861,3.2441944954916835,,4.359106634743512,3.939861657563597,,3.380194411147386,3.3657809495925903,,0.0,0.0,2.6115882517769933,,3.5609583435580134,,4.362674650270492,3.270774648990482,3.357241753023118,3.167419516015798
tt_7.9h,,,,,,2.777220896910876,2.5866619083099067,2.716133212670684,,2.519955301191658,,,,2.2112329504452646,3.2332028062082827,,4.338528256863356,3.9369659214280546,,3.370690885465592,3.369539877399802,,0.0,0.0,2.6115882517769933,,3.564467005431652,,4.362674650270492,3.2671183375641704,3.3600321584381163,3.1631666435860097
tt_8.0h,,,,,,2.7816317826509476,2.582466224208474,2.7083621355704963,,2.5013975305482745,,,,2.2101699644699693,3.219034501351416,,4.338528256863356,3.9341259044595063,,3.3614114802330732,3.3706129984930158,,0.0,0.0,2.6064349580556154,,3.5494339149445295,,4.367248914204538,3.2633921522647142,3.3548339176923037,3.1589825423434377
tt_8.1h,,,,,,2.7745058774016798,2.5783243305049837,2.7006574776023626,,2.5013975305482745,,,,2.2090043732896447,3.205274533946067,,4.344207575544715,3.9313403833657503,,3.3614114802330732,3.3744136188179255,,0.0,0.0,2.6014409344643354,,3.5349161964841187,,4.355909598059952,3.2597143738530576,3.349766249768436,3.154849413316697
tt_8.2h,,,,,,2.7674888842739165,2.5742257786914706,2.6931532486341894,,2.4985981886275113,,,,2.207910538651049,3.1918133050203323,,4.324099018704146,3.928623178973794,,3.363892462104559,3.3782357396557927,,0.0,0.0,2.605520152952522,,3.552950194105506,,4.3448710846714675,3.256039474159479,3.3449721573852003,3.154849413316697
tt_8.3h,,,,,,2.7605936657637358,2.570306425448507,2.6856511626392603,,2.48114308482036,,,,2.206799623556435,3.1918133050203323,,4.324099018704146,3.9259436624124646,,3.354793711565435,3.3782357396557927,,0.0,0.0,2.600627619307488,,3.538594482000917,,4.360448420979083,3.2523952131159604,3.3401018353179097,3.1508006579242647
tt_8.4h,,,,,,2.7537779067642987,2.5664809714071453,2.6783607248216867,,2.51245023496449,,,,2.206799623556435,3.196850416716188,,4.329805820249021,3.923315259627998,,3.345804523676634,3.3632428641431034,,0.0,0.0,2.595712787937373,,3.524118138011545,,4.349428244866431,3.248866956215352,3.3353539924137294,3.154118061065674
tt_8.5h,,,,,,2.747121723834425,2.5626262756995857,2.6710301507264376,,2.494941011071205,,,,2.19484662078321,3.183753448538482,,4.310147158335894,3.9207368958741426,,3.3368319123983383,3.367103065364063,,0.0,0.0,2.5910180234350264,,3.5100409938022494,,4.338671576697379,3.2452933359891176,3.330549963749945,3.150136027485132
tt_8.6h,,,,,,2.740537262056023,2.5588778918609023,2.663917113561183,,2.478685867972672,,,,2.193825116381049,3.170837923884392,,4.290900488849729,3.918207658454776,,3.3321770885959268,3.370992503594607,,0.0,0.0,2.586298461072147,,3.5115728327073157,,4.353955758269876,3.241811509244144,3.325933300424367,3.1462167245335877
tt_8.7h,,,,,,2.734003111254424,2.555171951185912,2.6567865717224777,,2.509030492976308,,,,2.1927514537237585,3.1581491446122527,,4.315879189874977,3.9157265005633235,,3.3232546565122902,3.3749044789001346,,0.0,0.0,2.5816980190575123,,3.497517168521881,,4.343193435575813,3.238373887259513,3.317260544747114,3.142359514720738
tt_8.8h,,,,,,2.727624276187271,2.5516338273882866,2.649821635335684,,2.4919436615891755,,,,2.191743557807058,3.145972872618586,,4.29665283113718,3.9133073277771473,,3.314696427434683,3.3721489501185715,,0.0,0.0,2.5771872801706195,,3.4838653854094446,,4.33272958220914,3.2349649099633098,3.3126487731933594,3.1385469785891473
tt_8.9h,,,,,,2.721329199615866,2.5480769965797663,2.6428962876088917,,2.5058669010177255,,,,2.1906956657767296,3.163233249913901,,4.277822710108012,3.910919999703765,,3.3060011863708496,3.3760855505242944,,0.0,0.0,2.572776708751917,,3.4875541012734175,,4.322506255470216,3.2316204267553985,3.3082507075741887,3.134812053758651
tt_9.0h,,,,,,2.715117824729532,2.544595569372177,2.6360917408019304,,2.5058669010177255,,,,2.1897514294832945,3.1509576849639416,,4.267492425162345,3.9085777890868485,,3.3085668515414,3.380044849589467,,0.0,0.0,2.568449321202934,,3.4875541012734175,,4.321135967504233,3.2282732925377786,3.3037620345130563,3.1311349188908935
tt_9.1h,,,,,,2.7090053646825254,2.541107479017228,2.6293916325084865,,2.4897138769738376,,,,2.1888110912404954,3.138880068436265,,4.267492425162345,3.906280235853046,,3.3085668515414,3.3840211387723684,,0.0,0.0,2.564218313898891,,3.4743155604228377,,4.310906295198947,3.2250113668851554,3.2993190358392894,3.1275149206630886
tt_9.2h,,,,,,2.7029734230600297,2.5377738657407463,2.622689365874976,,2.4870610083453357,,,,2.1878384687006474,3.127070086542517,,4.249063313938677,3.904026114847511,,3.3000680613331497,3.3852565959095955,,0.0,0.0,2.5600008447654545,,3.460940764285624,,4.30095331184566,3.2217897311784327,3.2949564014561474,3.123934275470674
tt_9.3h,,,,,,2.6971668284386396,2.534517646767199,2.616136262193322,,2.4870610083453357,,,,2.1869568023830652,3.11555869365111,,4.254837281536311,3.901814748067409,,3.291735662613064,3.3852565959095955,,0.0,0.0,2.555852939374745,,3.4646676001138985,,4.305446184240282,3.218592624180019,3.2907912828959525,3.1204280382953584
tt_9.4h,,,,,,2.7015753029845655,2.531252400483936,2.60961096547544,,2.4721768242307007,,,,2.186101264320314,3.1204451671801507,,4.254837281536311,3.899645471945405,,3.2943336023017764,3.389289495535195,,0.0,0.0,2.551779623609036,,3.4646676001138985,,4.305446184240282,3.2155356854200363,3.2936335909180343,3.116975283715874
tt_9.5h,,,,,,2.6957877543754876,2.528034211602062,2.6032150448299944,,2.501180101186037,,,,2.1852559591643512,3.1204451671801507,,4.236794077791274,3.8975174291990697,,3.2861701124347746,3.3933455226942897,,0.0,0.0,2.547812458127737,,3.4518164633773267,,4.295706109609455,3.212514730170369,3.289526563603431,3.113575230818242
tt_9.6h,,,,,,2.6900568893179297,2.524878124706447,2.5905777881853282,,2.485959740821272,,,,2.189229386392981,3.109149763826281,,4.219289373606443,3.8954446515999734,,3.2861701124347746,3.394642219413072,,0.0,0.0,2.551947128959,,3.4391364813782275,,4.300211141817272,3.209487111773342,3.289526563603431,3.10081057343632
tt_9.7h,,,,,,2.684392401948571,2.521883769426495,2.584344376809895,,2.4994062283076346,,,,2.188419491518289,3.098122568335384,,4.225095776841044,3.893397099804133,,3.277972359675914,3.398744127713144,,0.0,0.0,2.5480204173363745,,3.442755388561636,,4.300211141817272,3.2065370907075703,3.285428370349109,3.0974647193215787
tt_9.8h,,,,,,2.678836378734559,2.5188452531583607,2.5782678183168173,,2.4994062283076346,,,,2.187637308612466,3.087249823845923,,4.225095776841044,3.8977304198779166,,3.2699438123963773,3.398744127713144,,0.0,0.0,2.544164657127112,,3.442755388561636,,4.2906979927793145,3.203564736060798,3.2812777888029814,3.0941701140254736
tt_9.9h,,,,,,2.673382407054305,2.5158359752967954,2.572153468616307,,2.484761899802834,,,,2.186839214991778,3.075996821280569,,4.207926661707461,3.8957363408990204,,3.2725853342562914,3.4028757573105395,,0.0,0.0,2.540385713800788,,3.430392446462065,,4.295168353710324,3.200648116879165,3.2772439937107265,3.0909095727838576
tt_10.0h,,,,,,2.673382407054305,2.5129308784380555,2.566213850863278,,2.498003801330924,,,,2.1860579196363688,3.0653748572804034,,4.2137660211883485,3.8937660488300025,,3.2647151541896164,3.388137860689312,,0.0,0.0,2.536653635557741,,3.4179107383824885,,4.285896234214306,3.197764318436384,3.273217926733196,3.087716918438673
tt_10.1h,,,,,,2.667957754805684,2.510043174959719,2.5602146736346185,,2.498003801330924,,,,2.1860579196363688,3.0653748572804034,,4.2137660211883485,3.891833467874676,,3.2647151541896164,3.3923228685744107,,0.0,0.0,2.532992742024362,,3.405945535749197,,4.285896234214306,3.1949116471223533,3.2760830293409526,3.0845722313970327
tt_10.2h,,,,,,2.6626273640431464,2.5071893227286637,2.554364610463381,,2.495972261764109,,,,2.1853047870099545,3.05506240343675,,4.196939284447581,3.889937924221158,,3.2568670087493956,3.3965292694047093,,0.0,0.0,2.5293883071281016,,3.405945535749197,,4.27425194112584,3.1920890556648374,3.272331024520099,3.0814748550765216
tt_10.3h,,,,,,2.6574353743344545,2.504385398235172,2.5485699446871877,,2.4819601671770215,,,,2.184562612324953,3.059891501441598,,4.186686419416219,3.8880787803791463,,3.2434346610680223,3.3965292694047093,,0.0,0.0,2.525869716424495,,3.3938952977769077,,4.265165546908975,3.1892963517457247,3.268566230777651,3.0814748550765216
tt_10.4h,,,,,,2.652278697118163,2.501694723498076,2.542805398348719,,2.4819601671770215,,,,2.183894097805023,3.0495600420981646,,4.170341020915657,3.8862555189989507,,3.235831793397665,3.397972237318754,,0.0,0.0,2.522393269930035,,3.3975373939611018,,4.265165546908975,3.186522097326815,3.264743471518159,3.0784243321977556
tt_10.5h,,,,,,2.647212093230337,2.4989787843078375,2.5371415009722114,,2.496111526619643,,,,2.1832007113844156,3.039602634496987,,4.170341020915657,3.884467442985624,,3.228170793503523,3.402228410821408,,0.0,0.0,2.522393269930035,,3.386085379868746,,4.256310531403869,3.183842064347118,3.261012359056622,3.0754033722914755
tt_10.6h,,,,,,2.6421721153892577,2.496274769771844,2.5315090105868876,,2.4825393352657557,,,,2.1872563562355936,3.0299197426065803,,4.176183103583753,3.882714109029621,,3.228170793503523,3.406510687433183,,0.0,0.0,2.51897453982383,,3.386085379868746,,4.260752994567156,3.1811604551039636,3.261012359056622,3.0724466694518924
tt_10.7h,,,,,,2.630522778723389,2.4936912395060062,2.525914164725691,,2.510288884397596,,,,2.186594484373927,3.0299197426065803,,4.160003658384085,3.881009453907609,,3.230916114989668,3.4108124151825905,,0.0,0.0,2.515618911013007,,3.3898486611433327,,4.252090954687446,3.178513745777309,3.257370673120022,3.06953406939283
tt_10.8h,,,,,,2.625551098957658,2.488579894416034,2.5203878399915993,,2.496156977955252,,,,2.185925359837711,3.034661654382944,,4.144123797304928,3.879321755375713,,3.2235623076558113,3.4108124151825905,,0.0,0.0,2.512308716773987,,3.378204896580428,,4.252090954687446,3.175901524256915,3.2602577968500555,3.072890516836196
tt_10.9h,,,,,,2.620609256438911,2.4860968878492713,2.5149324322119355,,2.496156977955252,,,,2.1853321152739227,3.0250598690472543,,4.165872712153941,3.877662807237357,,3.2161703165620565,3.4123748308047652,,0.0,0.0,2.5090559241361916,,3.3670347277075052,,4.256523097399622,3.1733242417685688,3.256583166308701,3.070023710373789
tt_11.0h,,,,,,2.6158282747492194,2.483639279846102,2.5094924373552203,,2.510477300733328,,,,2.184748795349151,3.01565413037315,,4.15000178059563,3.876032138708979,,3.208947923500091,3.4167238515801728,,0.0,0.0,2.497124661691487,,3.3670347277075052,,4.248024029657245,3.170801028609276,3.2531571947038174,3.067199577111751
tt_11.1h,,,,,,2.611157071776688,2.481201309710741,2.504143428057432,,2.497567529324442,,,,2.1841574106365442,3.0064091444946826,,4.13442142913118,3.874429419171065,,3.208947923500091,3.421095637138933,,0.0,0.0,2.49391732737422,,3.3706961418502033,,4.248024029657245,3.168295929674059,3.2496796841733158,3.0644176132045686
tt_11.2h,,,,,,2.606470318045467,2.478829014580697,2.4988192319869995,,2.5085483281873167,,,,2.183610093779862,2.9971978766843677,,4.13442142913118,3.8728541396558285,,3.2116282978095114,3.421095637138933,,0.0,0.0,2.490762003697455,,3.3598261484876275,,4.252469024155289,3.16582392482087,3.2461844654753804,3.0616773469373584
tt_11.3h,,,,,,2.601854173000902,2.4764881832525134,2.4935316503979266,,2.4952393379062414,,,,2.1830612174235284,3.0110610527917743,,4.140285566449165,3.8713058987632394,,3.204471549484879,3.4227509684860706,,0.0,0.0,2.4876802400685847,,3.349001243710518,,4.244149554986507,3.1609754408709705,3.242811007425189,3.058962126262486
tt_11.4h,,,,,,2.5972909834235907,2.4741751505061984,2.488322140648961,,2.482750626280904,,,,2.182543250732124,3.0019263327121735,,4.124994687736034,3.869784301146865,,3.197382122743875,3.427173282019794,,0.0,0.0,2.484596597030759,,3.347549764905125,,4.2360324980691075,3.1585981035605073,3.2394023188389838,3.056305806618184
tt_11.5h,,,,,,2.59274299768731,2.4719200609251857,2.483183676376939,,2.5088417772203684,,,,2.182043663226068,2.9930220237001777,,4.109978022519499,3.8682888904586434,,3.190314784180373,3.4316029022447765,,0.0,0.0,2.481568544637412,,3.3366804127581418,,4.232457194942981,3.1562339873053133,3.229616185184568,3.0536887869238853
tt_11.6h,,,,,,2.5883107082918286,2.469666352495551,2.4780368129722774,,2.4960045302286744,,,,2.1815531086176634,2.9842370240949094,,4.114776275120676,3.866819381248206,,3.2001625085249543,3.4360507102683187,,0.0,0.0,2.4786178963258862,,3.3261852297000587,,4.22433376731351,3.153923772741109,3.2262121131643653,3.051110500935465
tt_11.7h,,,,,,2.5839974437840283,2.4674642784520984,2.472994049079716,,2.509859226178378,,,,2.185626146849245,2.9755543749779463,,4.099765339400619,3.871141092851758,,3.1930877012200654,3.4172518802806735,,0.0,0.0,2.475672676693648,,3.3156644334085286,,4.216360458172858,3.1516439337283373,3.222890335600823,3.0485705584287643
tt_11.8h,,,,,,2.579698803834617,2.465316257905215,2.467990191653371,,2.509859226178378,,,,2.185626146849245,2.964079827070236,,4.085020547732711,3.8696940280497074,,3.186341304332018,3.421735504642129,,0.0,0.0,2.4728097217157483,,3.3299030899070203,,4.220779383089393,3.1493943510577083,3.2195552373304963,3.0460685659199953
tt_11.9h,,,,,,2.575425636023283,2.4631619551219046,2.463024201337248,,2.4975868044421077,,,,2.185175508726388,2.964079827070236,,4.105652129743248,3.8682720391079783,,3.179501806385815,3.4262276710942388,,0.0,0.0,2.4699773765169084,,3.3194083222188056,,4.220779383089393,3.1471732454374433,3.216468444094062,3.043587360996753
tt_12.0h,,,,,,2.579889155458659,2.4610668472014368,2.458089546766132,,2.5240956726484,,,,2.184714290779084,2.9555757138878107,,4.090893241111189,3.866874818690121,,3.1661429051309824,3.4307196750305593,,0.0,0.0,2.467169022653252,,3.309149594977498,,4.212967310566455,3.1449815528467298,3.213387513998896,3.046981032472104
tt_12.1h,,,,,,2.5756688565015793,2.4590043826028705,2.453269660938531,,2.511766486801207,,,,2.184279552195221,2.9472475950606167,,4.076411344576627,3.866874818690121,,3.1661429051309824,3.4326095627620816,,0.0,0.0,2.464427846018225,,3.312897193711251,,4.217353460378945,3.142817548941821,3.2102286745794117,3.0445552999153733
tt_12.2h,,,,,,2.571491571608931,2.4569712528027594,2.448456505779177,,2.499710062518716,,,,2.1838646144606173,2.9390531899407506,,4.082300312351435,3.8655019346624613,,3.159338679164648,3.4326095627620816,,0.0,0.0,2.4616785552352667,,3.312897193711251,,4.217353460378945,3.1458472101949155,3.2131637521088123,3.0421506357379258
tt_12.3h,,,,,,2.5674320100806653,2.454983946867287,2.4437115658074617,,2.5100166434422135,,,,2.183469954878092,2.943643385078758,,4.082300312351435,3.864167692605406,,3.152761266566813,3.437146311160177,,0.0,0.0,2.4658934329636395,,3.302732883952558,,4.209719957318157,3.1437145844101906,3.210085140541196,3.0421506357379258
tt_12.4h,,,,,,2.5634499015286565,2.4529985901899636,2.439012555871159,,2.4975673840381205,,,,2.183075563516468,2.9355033398605883,,4.068337669130415,3.8628427484072745,,3.1556053259409964,3.4416834977455437,,0.0,0.0,2.4632625128142536,,3.2929780818521976,,4.202219777274877,3.141609944868833,3.2070456347428262,3.0397991170175374
tt_12.5h,,,,,,2.5634499015286565,2.4510908536612988,2.4343731412664056,,2.512050434947014,,,,2.1827061735093594,2.9355033398605883,,4.074221988208592,3.8615409107878804,,3.149015269242227,3.4436751869507134,,0.0,0.0,2.460657832212746,,3.296757712494582,,4.2066139271482825,3.139515919610858,3.2070456347428262,3.0374825266189873
tt_12.6h,,,,,,2.5594369526952505,2.4491780111566186,2.4297661120072007,,2.512050434947014,,,,2.1823563151992857,2.9276053463108838,,4.060349352192134,3.8602618617005646,,3.149015269242227,3.448235895950347,,0.0,0.0,2.458056325558573,,3.296757712494582,,4.2066139271482825,3.137471212539822,3.2039905469864607,3.0352003131993115
tt_12.7h,,,,,,2.555476924404502,2.447330664843321,2.4252281966619194,,2.500488012097776,,,,2.18200725549832,2.9198794569820166,,4.060349352192134,3.85900572873652,,3.142581784632057,3.448235895950347,,0.0,0.0,2.4555070092901587,,3.287145996466279,,4.199259476270527,3.1354531943798065,3.201030326075852,3.032951852772385
tt_12.8h,,,,,,2.5515673831105232,2.4454850060865283,2.4163364456035197,,2.5143529772758484,,,,2.1699776579625905,2.9244523011147976,,4.046729682479054,3.8577716373838484,,3.13612476689741,3.4527958524413407,,0.0,0.0,2.4530016174539924,,3.2775187958031893,,4.1875403062440455,3.133462056517601,3.198070354294032,3.0307372100651264
tt_12.9h,,,,,,2.547712775412947,2.4437114247120917,2.4119340772740543,,2.5143529772758484,,,,2.1696525146253407,2.9167619943618774,,4.036502968985587,3.856559311505407,,3.138968601822853,3.454888210631907,,0.0,0.0,2.4505040640942752,,3.2652114857919514,,4.1875403062440455,3.1314966212958097,3.195182165130973,3.028555959928781
tt_13.0h,,,,,,2.5439648176543415,2.4419296700507402,2.407612068578601,,2.5281079397536814,,,,2.1693366235122085,2.909234675578773,,4.036502968985587,3.8553687939420342,,3.1327594751492143,3.4594677896238863,,0.0,0.0,2.4480523271486163,,3.2652114857919514,,4.180326682515442,3.129557028412819,3.198141670320183,3.0263920505531132
tt_13.1h,,,,,,2.540209645871073,2.440218824893236,2.403326028957963,,2.51619286602363,,,,2.1690352503210306,2.909234675578773,,4.023110987152904,3.8541992576792836,,3.1327594751492143,3.4640262136235833,,0.0,0.0,2.4480523271486163,,3.2558682481758296,,4.1846801727078855,3.1276424997486174,3.195258936844766,3.0242781350389123
tt_13.2h,,,,,,2.536484895274043,2.438505854923278,2.3990759854204953,,2.51619286602363,,,,2.168740252032876,2.901782234199345,,4.028959835413843,3.853050867561251,,3.126459135208279,3.4640262136235833,,0.0,0.0,2.4456181405112147,,3.259584177751094,,4.177625632379204,3.1257531037554145,3.192513288464397,3.0276852403767407
tt_13.3h,,,,,,2.541020336560905,2.4368662433698773,2.3948936252854764,,2.514844781719148,,,,2.16846651956439,2.906383653637022,,4.0157876666635275,3.8519230489619076,,3.1293495851568878,3.4685723623260856,,0.0,0.0,2.44323923997581,,3.2503117038868368,,4.177625632379204,3.1238711974583566,3.1898016054183245,3.025588414631784
tt_13.4h,,,,,,2.537353269290179,2.4352360097691417,2.3907822812907398,,2.514844781719148,,,,2.16821451112628,2.89905615337193,,4.0157876666635275,3.8508154484443367,,3.1231958335265517,3.454672727268189,,0.0,0.0,2.440939007792622,,3.2414916758425534,,4.181971184443682,3.122035917825997,3.1870409115217626,3.0235394025221467
tt_13.5h,,,,,,2.533737296704203,2.433640506118536,2.3867127667181194,,2.5290760155767202,,,,2.16821451112628,2.8918390753678977,,4.0216422490775585,3.8497281158342957,,3.11712813610211,3.459192455280572,,0.0,0.0,2.4386306046508253,,3.2414916758425534,,4.175048276782036,3.1202258579432964,3.1870409115217626,3.021521153394133
tt_13.6h,,,,,,2.530191066209227,2.4320594132877886,2.3826427995227277,,2.517864566296339,,,,2.1679675756022334,2.8846627455204725,,4.008682230021805,3.854007220827043,,3.11712813610211,3.4636608995497227,,0.0,0.0,2.436338808387518,,3.2452682415023446,,4.1682365532033145,3.1184393358416855,3.1843675426207483,3.019533389247954
tt_13.7h,,,,,,2.5266429339535534,2.4305137414485216,2.3786732219159603,,2.517864566296339,,,,2.1677302909083664,2.8846627455204725,,3.9959135372191668,3.8529373281635344,,3.1039121951907873,3.4636608995497227,,0.0,0.0,2.4405557210557163,,3.2364309299737215,,4.179386103525758,3.1166771366260946,3.187345917802304,3.017575058154762
tt_13.8h,,,,,,2.5231272289529443,2.429015654604882,2.3747447500936687,,2.5321778301149607,,,,2.1718230303376913,2.873141714371741,,4.014503331389278,3.8518870598636568,,3.097956194076687,3.4658972467295825,,0.0,0.0,2.4382811677642167,,3.2276278981007636,,4.172590866219252,3.1149375871755183,3.1847097305580974,3.015646476764232
tt_13.9h,,,,,,2.5196559564210474,2.4275367436930537,2.37085197865963,,2.5206412551924586,,,,2.1715971236117184,2.866096324287355,,4.001747854985297,3.8508559865877032,,3.091999403666705,3.470323782414198,,0.0,0.0,2.436054461169988,,3.240313812159002,,4.165903350804001,3.113221464678645,3.1820731735788286,3.0137475221417844
tt_14.0h,,,,,,2.516273180488497,2.4260880243964493,2.3669944149442017,,2.5460517928004265,,,,2.1713833608664572,2.8591834604740143,,3.9893144057132304,3.849843735806644,,3.086114370264113,3.4746961831115186,,0.0,0.0,2.4339125105179846,,3.2315128589980304,,4.165903350804001,3.111527672968805,3.1794692864641547,3.011877393350005
tt_14.1h,,,,,,2.5129077122546732,2.4246592856943607,2.3631988815031946,,2.535077396314591,,,,2.17117139743641,2.8523521102033556,,3.99146515969187,3.8488646019250154,,3.094905596692115,3.4790045469999313,,0.0,0.0,2.4317659153603017,,3.222903238143772,,4.1541226780973375,3.109856318216771,3.176897136028856,3.0100211407989264
tt_14.2h,,,,,,2.5095446961931884,2.4232758237048984,2.3594738584943116,,2.524353795684874,,,,2.1709699016064405,2.8523521102033556,,3.979006838519126,3.847889473196119,,3.0890667852945626,3.476954109966755,,0.0,0.0,2.4296329119242728,,3.2144069210626185,,4.14757871394977,3.1082077962346375,3.174356836359948,3.0082101821899414
tt_14.3h,,,,,,2.506237822584808,2.420567852910608,2.355770645197481,,2.5322021725587547,,,,2.1707876860164106,2.856882535852492,,3.966644069645554,3.8469326831400394,,3.083366442937404,3.481259000953287,,0.0,0.0,2.4275164073333144,,3.210575786419213,,4.141156619880348,3.106566410046071,3.1718314988538623,3.0064268414862454
tt_14.4h,,,,,,2.5030150627717376,2.419258560054004,2.3521123700775206,,2.521309493109584,,,,2.170613064430654,2.850187080912292,,3.9544736524112523,3.845993474125862,,3.0775711708702147,3.485506439115852,,0.0,0.0,2.4254344874061644,,3.2021452481858432,,4.151895113289356,3.1049664956517518,3.1612542560324073,2.995528890285641
tt_14.5h,,,,,,2.4997889739461243,2.4245447339490056,2.3484882907941937,,2.535093903541565,,,,2.1704475255683064,2.843619122169912,,3.9724362986162305,3.8450719881802797,,3.071977294050157,3.489687485154718,,0.0,0.0,2.4234562339261174,,3.193937497679144,,4.145467483904213,3.103388081304729,3.158749904949218,2.9937306460924447
tt_14.6h,,,,,,2.496599927544594,2.423245450016111,2.3449375084601343,,2.535093903541565,,,,2.1702856100164354,2.837077848613262,,3.9602565625682473,3.8441676809452474,,3.080532568972558,3.4877765411511064,,0.0,0.0,2.4214517385698855,,3.1978665878996253,,4.139158612582833,3.1018309057690203,3.1562592298723757,2.991976421326399
tt_14.7h,,,,,,2.50107824197039,2.4219839572906494,2.341426049359143,,2.5242467783391476,,,,2.170131065417081,2.8306493293493986,,3.9482557186856866,3.843280453234911,,3.074960552621633,3.4919485501013696,,0.0,0.0,2.419470503926277,,3.1978665878996253,,4.1497770473361015,3.1002953182905912,3.153820360545069,2.9902494894340634
tt_14.8h,,,,,,2.497957213781774,2.4207381661981344,2.3379508666694164,,2.5489030140452087,,,,2.169993775896728,2.8415610906668007,,3.9660154627636075,3.8424100573174655,,3.069385941606015,3.4960430883802474,,0.0,0.0,2.417524990160018,,3.189723776653409,,4.143462631385773,3.098779536318034,3.151412366889417,2.9885488380678
tt_14.9h,,,,,,2.494860717561096,2.4195342883467674,2.3344864221289754,,2.538236720021814,,,,2.1739986264146864,2.8350913249887526,,3.954041462391615,3.8415561146102846,,3.0638768556527793,3.5000692876055837,,0.0,0.0,2.4156373315490782,,3.1816812325268984,,4.137241489253938,3.0972845014184713,3.1490650149062276,2.986874107271433
tt_15.0h,,,,,,2.494860717561096,2.4183448939584196,2.3311107675544918,,2.528098546899855,,,,2.1738597922958434,2.8287808541208506,,3.9422677839174867,3.840718572959304,,3.0668533630669117,3.486222270876169,,0.0,0.0,2.4137567984871566,,3.185455377679318,,4.141561696771532,3.094353781081736,3.146715920418501,2.985225373879075
tt_15.1h,,,,,,2.4917939165607095,2.4171734410338104,2.327776330988854,,2.551562292035669,,,,2.173736823257059,2.8225156124681234,,3.9480463825166225,3.8398970221169293,,3.0668533630669117,3.486222270876169,,0.0,0.0,2.418033729773015,,3.185455377679318,,4.141561696771532,3.092918446287513,3.149738965090364,2.9836026574485004
tt_15.2h,,,,,,2.4887541122734547,2.4160359115339816,2.324494419619441,,2.5412042988464236,,,,2.173736823257059,2.8269357909448445,,3.9480463825166225,3.839091364759952,,3.0614457936026156,3.4901550505310297,,0.0,0.0,2.4161591744050384,,3.177614660002291,,4.135448330081999,3.091485274489969,3.147423624061048,2.9820046932436526
tt_15.3h,,,,,,2.4858045955188572,2.4149164045229554,2.3212183793075383,,2.5384569568559527,,,,2.1736129093915224,2.820743146818131,,3.9364761421456933,3.838301327545196,,3.0560620627366006,3.4940059818327427,,0.0,0.0,2.4143751775845885,,3.1814137012697756,,4.123657681047916,3.0900921947322786,3.14513645414263,2.980431956704706
tt_15.4h,,,,,,2.482859809882939,2.4138347101397812,2.3179746652022004,,2.5384569568559527,,,,2.173494510818273,2.820743146818131,,3.9261790895834565,3.837526608258486,,3.0429368149489164,3.4962430116720498,,0.0,0.0,2.4125857702456415,,3.1737010362558067,,4.123657681047916,3.088718752376735,3.14513645414263,2.9788691024295986
tt_15.5h,,,,,,2.4799386360682547,2.4127689944580197,2.3148020934313536,,2.5283209080807865,,,,2.1733883852139115,2.814644208177924,,3.9147890522144735,3.8367670867592096,,3.0376213281415403,3.4999892343766987,,0.0,0.0,2.4108201204799116,,3.1737010362558067,,4.11764889350161,3.087363832164556,3.1428780118003488,2.9773481246083975
tt_15.6h,,,,,,2.477095664013177,2.411738359834999,2.3116983780637383,,2.541306888218969,,,,2.1732902782969177,2.808603336568922,,3.9147890522144735,3.8249111035838723,,3.0376213281415403,3.4999892343766987,,0.0,0.0,2.4091241285204887,,3.166090634185821,,4.1219332427717745,3.086028963327408,3.1406481224112213,2.980788677930832
tt_15.7h,,,,,,2.474272944498807,2.410723098088056,2.3085954464040697,,2.541306888218969,,,,2.173193456605077,2.796986806206405,,3.920606128871441,3.8241652818396688,,3.0324059277772903,3.5036474084481597,,0.0,0.0,2.4091241285204887,,3.153768169693649,,4.116049007512629,3.0847139107063413,3.1384312282316387,2.9792913254350424
tt_15.8h,,,,,,2.4714756081812084,2.4097404330968857,2.305542692542076,,2.5547350458800793,,,,2.1731049017980695,2.79106750106439,,3.9094269312918186,3.8234341996721923,,3.0272616175934672,3.507216105237603,,0.0,0.0,2.4074231507256627,,3.1461921934969723,,4.116049007512629,3.0834172880277038,3.141490058042109,2.9778040726669133
tt_15.9h,,,,,,2.468746920581907,2.408774023875594,2.299539342522621,,2.5445921742357314,,,,2.1771085802465677,2.7852422283031046,,3.9094269312918186,3.82271770760417,,3.0303294616751373,3.5094090728089213,,0.0,0.0,2.4057605201378465,,3.1461921934969723,,4.110267996788025,3.0821391600184143,3.1393038569949567,2.976356468629092
tt_16.0h,,,,,,2.457184743601829,2.407832504250109,2.296607449185103,,2.5445921742357314,,,,2.1770270043052733,2.7852422283031046,,3.898411587346345,3.8220155127346516,,3.0252132401801646,3.5128534859977663,,0.0,0.0,2.4041419718414545,,3.1388364769518375,,4.114541937597096,3.080903639551252,3.1371646216139197,2.9749315357767045
tt_16.1h,,,,,,2.4544880921021104,2.4069058620370924,2.2937281616032124,,2.5577633092179894,,,,2.1769449659623206,2.7794946786016226,,3.9042446985840797,3.8213274423033,,3.0252132401801646,3.5128534859977663,,0.0,0.0,2.402520774397999,,3.1426056562922895,,4.108857765328139,3.0796622526831925,3.1350526651367545,2.9735296573489904
tt_16.2h,,,,,,2.451803782954812,2.4060019752942026,2.2908765310421586,,2.5577633092179894,,,,2.176869346294552,2.783891145605594,,3.8934308290481567,3.8206529850140214,,3.0201256638392806,3.516209516208619,,0.0,0.0,2.400959479622543,,3.135352972894907,,4.108857765328139,3.0784389320760965,3.132966873701662,2.9721509413793683
tt_16.3h,,,,,,2.4491875707171857,2.405120398849249,2.28804691741243,,2.5544876251369715,,,,2.176797442138195,2.7781920325942338,,3.8934308290481567,3.8199917543679476,,3.0232135243713856,3.518365685362369,,0.0,0.0,2.399409117177129,,3.135352972894907,,4.113126357086003,3.0772335627116263,3.132966873701662,2.9707938763312995
tt_16.4h,,,,,,2.446587943006307,2.404265628196299,2.2852329807356,,2.544564248993993,,,,2.176730131264776,2.772546094842255,,3.8992551588453352,3.8193435557186604,,3.018260575365275,3.521595947444439,,0.0,0.0,2.387533641885966,,3.139243279118091,,4.107536005787551,3.0760469106025994,3.1309076752513647,2.9707938763312995
tt_16.5h,,,,,,2.444033852312714,2.4034248176030815,2.282501787878573,,2.544564248993993,,,,2.176671029999852,2.7669972791336477,,3.8886203062720597,3.81870821909979,,3.0133280297741294,3.524728720076382,,0.0,0.0,2.3860248290002346,,3.132055528461933,,4.107536005787551,3.074861906003207,3.1288738986477256,2.969458204228431
tt_16.6h,,,,,,2.441530780866742,2.4026068267412484,2.2798183145932853,,2.5574401183985174,,,,2.176613721996546,2.7669972791336477,,3.8886203062720597,3.818085538689047,,3.0133280297741294,3.524728720076382,,0.0,0.0,2.384539343882352,,3.1250812523066998,,4.095695347990841,3.073713852558285,3.1319777946919203,2.9681447609327734
tt_16.7h,,,,,,2.439030831679702,2.4018031675368547,2.277146223001182,,2.547821953892708,,,,2.1765629881992936,2.7714013322256505,,3.878367251716554,3.817475282587111,,3.0163972307927907,3.510731428861618,,0.0,0.0,2.3830744000151753,,3.1250812523066998,,4.090173213277012,3.072583796456456,3.129973839968443,2.966854134108871
tt_16.8h,,,,,,2.4366005486808717,2.4010261856019497,2.2745276782661676,,2.570171066559851,,,,2.1765629881992936,2.765900627709925,,3.8678891751915216,3.816877318546176,,3.0115399453788996,3.513733083382249,,0.0,0.0,2.3816455635242164,,3.128915472421795,,4.084770041983575,3.0714709758758545,3.127995531540364,2.970295939128846
tt_16.9h,,,,,,2.4341873452067375,2.4002666156738997,2.271912907715887,,2.5604637218639255,,,,2.1765124113298953,2.7604619483463466,,3.857594626955688,3.8163056834600866,,3.0067832563072443,3.516635498497635,,0.0,0.0,2.380235457792878,,3.1219028853811324,,4.094455499202013,3.0703752073459327,3.1260421704500914,2.9690263005904853
tt_17.0h,,,,,,2.4318285319022834,2.3995132483541965,2.2693214812316,,2.5511010722257197,,,,2.1644997275434434,2.7551483903080225,,3.873738553840667,3.8157318076118827,,3.0020050648599863,3.519438868854195,,0.0,0.0,2.378869673702866,,3.1150803454220295,,4.089023995213211,3.0692962263710797,3.1240969034843147,2.967778505757451
tt_17.1h,,,,,,2.429495044052601,2.3987959073856473,2.266816237475723,,2.573077840730548,,,,2.1644520382396877,2.7498903633095324,,3.8634486724622548,3.8151696478016675,,2.993768958374858,3.518699992913753,,0.0,0.0,2.3775372467935085,,3.1096400264650583,,4.08370700571686,3.0682346704415977,3.1221974189393222,2.966553021222353
tt_17.2h,,,,,,2.427209597080946,2.3980936468578875,2.2643255875445902,,2.563283691648394,,,,2.164411162491888,2.7595480675809085,,3.8533031051047146,3.8146190433762968,,2.9890009742230177,3.5214681033976376,,0.0,0.0,2.376221703365445,,3.102852655109018,,4.093303198926151,3.0671883528120816,3.120322121772915,2.9653467652387917
tt_17.3h,,,,,,2.4317023237235844,2.3974158321507275,2.2618942372500896,,2.5696976026520133,,,,2.1643699426203966,2.7542739692144096,,3.8590220562182367,3.814079775940627,,2.984340430703014,3.524136784952134,,0.0,0.0,2.374928447417915,,3.0961425635032356,,4.087958473246545,3.0661578262224793,3.1091894046403468,2.964160072617233
tt_17.4h,,,,,,2.4317023237235844,2.3967534727416933,2.259474658872932,,2.560278640128672,,,,2.1643320862203836,2.7491011386737227,,3.8590220562182367,3.8135516750626266,,2.9796881144866347,3.5267067132517695,,0.0,0.0,2.373662578407675,,3.089491603896022,,4.082727428060025,3.0651438338682055,3.107298916205764,2.962979373522103
tt_17.5h,,,,,,2.429455367848277,2.3961038957349956,2.2570749991573393,,2.5509205339476466,,,,2.1642996575683355,2.743920877110213,,3.8490406763739884,3.8177623515948653,,2.9751061690039933,3.5286777801811695,,0.0,0.0,2.3724293811246753,,3.1000458071939647,,4.077582653611898,3.0641473033465445,3.105451271403581,2.9618372274562716
tt_17.6h,,,,,,2.4272419312037528,2.39547809259966,2.254719876218587,,2.572802572976798,,,,2.1642674217000604,2.7388072670437396,,3.8392322356812656,3.8172439732588828,,2.982790141366422,3.5286777801811695,,0.0,0.0,2.37120602466166,,3.0933812423609197,,4.08697659522295,3.0631644087843597,3.103628317825496,2.9607124621979892
tt_17.7h,,,,,,2.4250537818297744,2.3948685764335096,2.2523711724206805,,2.5634855502285063,,,,2.1642365609295666,2.7271174769848585,,3.8548689195886254,3.8167364900000393,,2.9782456145621836,3.5311130709014833,,0.0,0.0,2.3700240049511194,,3.086866855621338,,4.081827755551785,3.062198838684708,3.101828947663307,2.9596071429550648
tt_17.8h,,,,,,2.422899281606078,2.3942727870307863,2.250102509278804,,2.5761786396615207,,,,2.1642080484889448,2.7271174769848585,,3.845064631663263,3.8162538930773735,,2.973706735763699,3.5334512065164745,,0.0,0.0,2.374394432641566,,3.0907064634375274,,4.076764873228967,3.061247327364981,3.100052574649453,2.958522160537541
tt_17.9h,,,,,,2.420785114634782,2.3931423942558467,2.2478536292910576,,2.5761786396615207,,,,2.16418174887076,2.7220500824041665,,3.8353945780545473,3.815767691936344,,2.969207834918052,3.5353750004433095,,0.0,0.0,2.373234005179256,,3.0907064634375274,,4.069970697630197,3.06031278334558,3.0982994586229324,2.9574569733813405
tt_18.0h,,,,,,2.4187148502096534,2.39259569067508,2.245660782326013,,2.5666752965189517,,,,2.168326917104423,2.7170651322230697,,3.825110545847565,3.815291845239699,,2.9723726422525942,3.5353750004433095,,0.0,0.0,2.372099825181067,,3.0842225742526352,,4.064903962891549,3.059376339428127,3.1013988945633173,2.960910747759044
tt_18.1h,,,,,,2.4166650557890534,2.3920706906355917,2.2434661206789315,,2.5789547855965793,,,,2.1683023837395012,2.7121917312033474,,3.825110545847565,3.8148261760361493,,2.9723726422525942,3.5375807504169643,,0.0,0.0,2.3709888090379536,,3.0780044668354094,,4.059920179657638,3.058474092744291,3.0996730108745396,2.9598634843714535
tt_18.2h,,,,,,2.414639418013394,2.3915578010492027,2.2413113969378173,,2.5789547855965793,,,,2.1682797456160188,2.7165868594311178,,3.81561077805236,3.8148261760361493,,2.967974475584924,3.539692381862551,,0.0,0.0,2.3699071621522307,,3.0818836707621813,,4.0641615856438875,3.0575880012474954,3.0996730108745396,2.95883567398414
tt_18.3h,,,,,,2.412661260459572,2.3910574158653617,2.2391658602282405,,2.570037705358118,,,,2.168258862569928,2.7117093559354544,,3.8214017278514802,3.814370535314083,,2.9635832626372576,3.5254600127227604,,0.0,0.0,2.3699071621522307,,3.0818836707621813,,4.0641615856438875,3.05671645142138,3.0979698090814054,2.9578269966877997
tt_18.4h,,,,,,2.4107248461805284,2.3905740212649107,2.2370570176281035,,2.5660515865311027,,,,2.168239589314908,2.7117093559354544,,3.8214017278514802,3.8139247288927436,,2.9667492979206145,3.5274373427964747,,0.0,0.0,2.3688507843762636,,3.075647111982107,,4.059255201835185,3.055860874708742,3.0962888300418854,2.9568365002050996
tt_18.5h,,,,,,2.4088113447651267,2.390103262383491,2.234991773031652,,2.5660515865311027,,,,2.168239589314908,2.706906612496823,,3.812051627319306,3.8134886091575027,,2.962430869694799,3.5274373427964747,,0.0,0.0,2.367816779296845,,3.0635052006691694,,4.063495130743831,3.055018560960889,3.094630266074091,2.9568365002050996
tt_18.6h,,,,,,2.406923448201269,2.3896487527526915,2.232977702282369,,2.578383575193584,,,,2.1682217293418944,2.702157386112958,,3.8178314873948693,3.8130620140582323,,2.962430869694799,3.5293304538354278,,0.0,0.0,2.366800512652844,,3.0572771397419274,,4.058665690012276,3.054190925322473,3.0929943341761827,2.955861742608249
tt_18.7h,,,,,,2.411444829311222,2.3892052359879017,2.230987128801644,,2.578383575193584,,,,2.168205465655774,2.7064878293313086,,3.808627907652408,3.8126448024995625,,2.958218025509268,3.5311356019228697,,0.0,0.0,2.36581868911162,,3.0572771397419274,,4.058665690012276,3.0533785354346037,3.096145419869572,2.9549050675705075
tt_18.8h,,,,,,2.4096069312654436,2.3887783880345523,2.229040195699781,,2.5697096013464034,,,,2.168190995231271,2.701784453354776,,3.808627907652408,3.812236800324172,,2.9452739977277815,3.532923100050539,,0.0,0.0,2.3648571521043777,,3.051239996217191,,4.062904425431043,3.0518102892674506,3.094534996896982,2.9539665142074227
tt_18.9h,,,,,,2.4077878170646727,2.388364965096116,2.2270956146530807,,2.581725602503866,,,,2.1681772647425532,2.697147125378251,,3.8144149193540215,3.8118378608487546,,2.9410602510906756,3.5346083086915314,,0.0,0.0,2.3639243035577238,,3.0550926784053445,,4.058126309886575,3.051038431469351,3.0929462113417685,2.9530457979999483
tt_19.0h,,,,,,2.4060028344392776,2.387962799053639,2.225185194052756,,2.581725602503866,,,,2.168164659757167,2.697147125378251,,3.805337502155453,3.8114478238858283,,2.9368715304881334,3.5346083086915314,,0.0,0.0,2.363006012979895,,3.049188473727554,,4.058126309886575,3.0502800280228257,3.0913631776347756,2.952140553854406
tt_19.1h,,,,,,2.404247370082885,2.3875796771608293,2.221419442910701,,2.5940174236893654,,,,2.172248008660972,2.692577659152448,,3.796414657495916,3.811066559050232,,2.9368715304881334,3.536210855934769,,0.0,0.0,2.367349162697792,,3.049188473727554,,4.046282412484288,3.0495360800996423,3.0898209316655993,2.9512517345137894
tt_19.2h,,,,,,2.4025245420634747,2.3872057693079114,2.219587853644043,,2.5851456341333687,,,,2.172236455604434,2.6969323148950934,,3.796414657495916,3.8106938982382417,,2.9327872386202216,3.5379542489536107,,0.0,0.0,2.366448178421706,,3.0433401144109666,,4.041577375493944,3.0488048591651022,3.0898209316655993,2.938619507011026
tt_19.3h,,,,,,2.400834007654339,2.3868450596928596,2.2178028970956802,,2.5851456341333687,,,,2.172225915361196,2.692395017016679,,3.7860742188058794,3.8103296901099384,,2.93590473709628,3.5394442658871412,,0.0,0.0,2.3655728646554053,,3.0471639623865485,,4.036971564870328,3.0480870632454753,3.088299616239965,2.9377500624395907
tt_19.4h,,,,,,2.399168564006686,2.3864952637813985,2.2160534784197807,,2.581373456865549,,,,2.172216290142387,2.6879099206998944,,3.77728958055377,3.8099737875163555,,2.9318038267083466,3.54085737420246,,0.0,0.0,2.364724182523787,,3.0413441420532763,,4.036971564870328,3.047382429242134,3.0914561124518514,2.936897504143417
tt_19.5h,,,,,,2.397540543228388,2.3861565268598497,2.2143365275114775,,2.5727663710713387,,,,2.17220871290192,2.683440285269171,,3.77728958055377,3.814180612564087,,2.9277807255275548,3.54085737420246,,0.0,0.0,2.363902146462351,,3.0413441420532763,,4.041204251348972,3.0466898502781987,3.089958909433335,2.936060121282935
tt_19.6h,,,,,,2.395938340574503,2.3858321444131434,2.2126446827314794,,2.5931453183293343,,,,2.1722007347270846,2.683440285269171,,3.7830618447624147,3.8138319910503924,,2.9277807255275548,3.5425616577267647,,0.0,0.0,2.363092527259141,,3.045190481003374,,4.036668469663709,3.046010574325919,3.0884824795648456,2.935238220728934
tt_19.7h,,,,,,2.394371342845261,2.3855169494636357,2.210963740479201,,2.584312368184328,,,,2.1721934555098414,2.6716753160580993,,3.7743955715559423,3.8134913840331137,,2.930999704170972,3.5438645174726844,,0.0,0.0,2.3623045720160007,,3.039394712075591,,4.036668469663709,3.0453441524878144,3.087025745306164,2.9344325033016503
tt_19.8h,,,,,,2.3928300393745303,2.385215441696346,2.2093076203018427,,2.576147563289851,,,,2.172186874784529,2.6672650151886046,,3.765876106917858,3.8131586494855583,,2.927027022931725,3.545102589763701,,0.0,0.0,2.3615422253496945,,3.033908042125404,,4.040900779422373,3.0446903598494828,3.0855898442678154,2.933642906136811
tt_19.9h,,,,,,2.3928300393745303,2.3849229062907398,2.207661750726402,,2.5963636115193367,,,,2.172180861234665,2.6629482628777623,,3.780159897170961,3.8128336458466947,,2.9231004896573722,3.5462727565318346,,0.0,0.0,2.3607950010336936,,3.028343066573143,,4.036433425731957,3.044049249496311,3.0841742302291095,2.932869309093803
tt_20.0h,,,,,,2.397307227831334,2.3846420063637197,2.206040367949754,,2.5880473158322275,,,,2.1721754469908774,2.658647926989943,,3.771626979112625,3.8125162422657013,,2.919171585701406,3.530669624917209,,0.0,0.0,2.3600640394724905,,3.021605286747217,,4.032036263030022,3.0434042173437774,3.0827793809585273,2.932110651396215
tt_20.1h,,,,,,2.395794571377337,2.3843734990805387,2.204466573894024,,2.6084263152442873,,,,2.172171347774565,2.6544134067371488,,3.763238553889096,3.8122062934562564,,2.926310679409653,3.5318085215985775,,0.0,0.0,2.3593625258654356,,3.0161035866476595,,4.040665737818927,3.042789265047759,3.0698233880102634,2.931366520933807
tt_20.2h,,,,,,2.3943037278950214,2.3841178929433227,2.202914987690747,,2.599888308905065,,,,2.17631559073925,2.663013027049601,,3.777384103741497,3.811903656460345,,2.922434741165489,3.5328782345168293,,0.0,0.0,2.3586769006215036,,3.010617909487337,,4.036266064271331,3.042186411563307,3.0698233880102634,2.9306221855804324
tt_20.3h,,,,,,2.3928530365228653,2.38386858580634,2.2014065743424,,2.5918390657752752,,,,2.176310633774847,2.658743997104466,,3.7689824532717466,3.811608191113919,,2.9185928842052817,3.5338822193443775,,0.0,0.0,2.358012414071709,,3.0144145344384015,,4.031935902778059,3.041596394497901,3.068451482336968,2.929909349884838
tt_20.4h,,,,,,2.3914113445207477,2.3836334170773625,2.1999277365393937,,2.595758693292737,,,,2.1763061871752143,2.6545280180871487,,3.7607228960841894,3.8113197619095445,,2.914786654524505,3.5354835535399616,,0.0,0.0,2.3573588565923274,,3.0144145344384015,,4.02006218675524,3.0410190881229937,3.067098358646035,2.933410589583218
tt_20.5h,,,,,,2.3900115313008428,2.383393374271691,2.19847890175879,,2.587346932850778,,,,2.1763021699152887,2.6503603225573897,,3.750273427926004,3.811038222629577,,2.901907866820693,3.5354835535399616,,0.0,0.0,2.361653219908476,,3.0090746888890862,,4.02006218675524,3.040452630724758,3.0657643410377204,2.933410589583218
tt_20.6h,,,,,,2.3886354877613485,2.3831767295487225,2.1970592392608523,,2.599197054281831,,,,2.176298559643328,2.654664575587958,,3.750273427926004,3.8107634261250496,,2.901907866820693,3.536397344432771,,0.0,0.0,2.3610226418823004,,3.003778735175729,,4.015796784311533,3.0398987103253603,3.064449760131538,2.9327127635478973
tt_20.7h,,,,,,2.3872821792028844,2.382969058584422,2.1956426482647657,,2.599197054281831,,,,2.176297294907272,2.6505673648789525,,3.7421243428252637,3.8104952396824956,,2.8982021012343466,3.537253506015986,,0.0,0.0,2.3604072420857847,,3.00762736517936,,4.020027993712574,3.039356372784823,3.0631529688835144,2.9320289376191795
tt_20.8h,,,,,,2.385966823901981,2.382769046816975,2.194253841880709,,2.5911344261839986,,,,2.1762943766079843,2.6505673648789525,,3.7341130576096475,3.810233554802835,,2.8944914513267577,3.538825983181596,,0.0,0.0,2.359815424308181,,3.00762736517936,,4.020027993712574,3.0388239780440927,3.0618759538047016,2.931358899921179
tt_20.9h,,,,,,2.384669716935605,2.38257964188233,2.192881844006479,,2.602634984534234,,,,2.176291761919856,2.6464795926585793,,3.7398508205078542,3.8099782448261976,,2.8908308292739093,3.539603423792869,,0.0,0.0,2.359815424308181,,3.0024329419247806,,4.015826411079615,3.038303550798446,3.0650454624556005,2.930687714833766
tt_21.0h,,,,,,2.383391704875976,2.382396670989692,2.191525182221085,,2.602634984534234,,,,2.176289419643581,2.6424284814856946,,3.7398508205078542,3.8097291477024555,,2.894073387607932,3.539603423792869,,0.0,0.0,2.3592389025725424,,3.006201956886798,,4.011690069921315,3.0377938700839877,3.0637901253066957,2.9300468540750444
tt_21.1h,,,,,,2.3821457801386714,2.3822218952700496,2.1901909513399005,,2.594918402377516,,,,2.1762873204424977,2.6467751134186983,,3.7319627571851015,3.809486129321158,,2.894073387607932,3.540330717805773,,0.0,0.0,2.358678855933249,,3.001054071355611,,4.015920526813716,3.0372951915487647,3.0637901253066957,2.9294198877178133
tt_21.2h,,,,,,2.3809314812533557,2.3820566097274423,2.188888882752508,,2.6061810753308237,,,,2.1643513697199523,2.6427420997060835,,3.737697107717395,3.8092490574344993,,2.8904366167262197,3.5410106885246933,,0.0,0.0,2.3581322501413524,,3.001054071355611,,4.015920526813716,3.036807978991419,3.062553337775171,2.9288066499866545
tt_21.3h,,,,,,2.3692690078169107,2.3818975556641817,2.1876124092377722,,2.6061810753308237,,,,2.1643494819290936,2.6427420997060835,,3.737697107717395,3.8090178025886416,,2.8868890665471554,3.542542247567326,,0.0,0.0,2.35760955279693,,2.9959420752711594,,4.011846937704831,3.0363307050429285,3.0613584956154227,2.9282066179439425
tt_21.4h,,,,,,2.3680712482891977,2.3817460048012435,2.1863683345727623,,2.6013042498379946,,,,2.1643477990292013,2.638792399317026,,3.7299306173808873,3.8132095276378095,,2.8901511118747294,3.5431520687416196,,0.0,0.0,2.357097295578569,,2.9836929910816252,,4.016079307999462,3.0358637822791934,3.0601584282703698,2.9276192667894065
tt_21.5h,,,,,,2.366891810670495,2.3814664389938116,2.1851619221270084,,2.6013042498379946,,,,2.1643463005311787,2.6348899784497917,,3.735680043231696,3.812983080279082,,2.8865953609347343,3.5431520687416196,,0.0,0.0,2.356604276690632,,2.9787292131222785,,4.016079307999462,3.0354078067466617,3.0589605011045933,2.931126934941858
tt_21.6h,,,,,,2.3657471174374223,2.3813357609324157,2.1839763298630714,,2.593756581656635,,,,2.1643449631519616,2.6231305580586195,,3.7280167103745043,3.8127626427449286,,2.8865953609347343,3.543727036099881,,0.0,0.0,2.3561266297474504,,2.9787292131222785,,4.012066398281604,3.034961277153343,3.062159640248865,2.930537609383464
tt_21.7h,,,,,,2.3646275429055095,2.3812126289121807,2.1828183215111494,,2.60529299126938,,,,2.164343780837953,2.619229036383331,,3.7280167103745043,3.8125483109615743,,2.8830881253816187,3.529145263135433,,0.0,0.0,2.3556660604663193,,2.982531209476292,,4.00019675726071,3.0345242470502853,3.0609973315149546,2.9299770505167544
tt_21.8h,,,,,,2.363530382514,2.381095850840211,2.181688476819545,,2.60529299126938,,,,2.164342732168734,2.615373599808663,,3.717661547474563,3.8123399345204234,,2.886394896078855,3.5296650123782456,,0.0,0.0,2.3552174102514982,,2.977613812778145,,3.9962438833899796,3.034097749274224,3.059853537939489,2.9294293778948486
tt_21.9h,,,,,,2.3624525680206716,2.3809854383580387,2.180577579885721,,2.6166929230093956,,,,2.164342732168734,2.615373599808663,,3.7101172958500683,3.8121373811736703,,2.882955510634929,3.5296650123782456,,0.0,0.0,2.3433538116514683,,2.972746810875833,,3.9962438833899796,3.0336812236346304,3.0587121350690722,2.9288941086269915
tt_22.0h,,,,,,2.3613975178450346,2.3808798496611416,2.179476883262396,,2.609187442343682,,,,2.164341803640127,2.6115555511787534,,3.7101172958500683,3.8119405251927674,,2.8795632529072464,3.5301497792825103,,0.0,0.0,2.3429229324683547,,2.972746810875833,,4.00048108631745,3.033274051733315,3.057605517562479,2.928371373564005
tt_22.1h,,,,,,2.360364031046629,2.380780848674476,2.178392394911498,,2.609187442343682,,,,2.164340983144939,2.6158441649749875,,3.715862522367388,3.811749240383506,,2.8795632529072464,3.531702790874988,,0.0,0.0,2.3425055812112987,,2.976513570640236,,3.99658576073125,3.032876898534596,3.057605517562479,2.9278602520935237
tt_22.2h,,,,,,2.3593523050658405,2.3806869946420193,2.1773319211788476,,2.620217189658433,,,,2.164341048337519,2.612093660980463,,3.7084235311485827,3.8115634066052735,,2.876171841286123,3.53214053530246,,0.0,0.0,2.3421034649945796,,2.9717771224677563,,3.99658576073125,3.0324892504140735,3.056515486910939,2.927360847592354
tt_22.3h,,,,,,2.358369446825236,2.380597915034741,2.175251693930477,,2.6127922544255853,,,,2.1685169441625476,2.608355568256229,,3.7011038940399885,3.8113829023204744,,2.8634061301127076,3.5325483232736588,,0.0,0.0,2.341714170295745,,2.9670249414630234,,4.000820558983833,3.0321106081828475,3.0597055917605758,2.926873041316867
tt_22.4h,,,,,,2.358369446825236,2.3805138524621725,2.174250897951424,,2.615542690269649,,,,2.168516299687326,2.6046495093032718,,3.7011038940399885,3.81120761949569,,2.8601018581539392,3.5325483232736588,,0.0,0.0,2.3413371895439923,,2.9670249414630234,,3.996977543924004,3.031741158105433,3.0586356087587774,2.9263969934545457
tt_22.5h,,,,,,2.357413223478943,2.380434736609459,2.1732610571198165,,2.6080297511070967,,,,2.1685157320462167,2.6046495093032718,,3.706816380377859,3.811037434730679,,2.856789307668805,3.5341740348376334,,0.0,0.0,2.3409748170524836,,2.9711004067212343,,3.993167522829026,3.0310419159941375,3.0575824109837413,2.925932251382619
tt_22.6h,,,,,,2.3564748745411634,2.3803602955304086,2.172310946509242,,2.6006869771517813,,,,2.168515233322978,2.608943796250969,,3.6995956008322537,3.810872233007103,,2.856789307668805,3.5345419556833804,,0.0,0.0,2.340627569705248,,2.9664585078135133,,4.001208322588354,3.030698393471539,3.056545787025243,2.925932251382619
tt_22.7h,,,,,,2.3609401085413992,2.3802903299219906,2.1713702674023807,,2.6194004504941404,,,,2.168514796998352,2.6052649286575615,,3.6924562505446374,3.8107118946500123,,2.860076158773154,3.5348844155669212,,0.0,0.0,2.340291758533567,,2.961870120372623,,3.99741561897099,3.030363813508302,3.055525897536427,2.9294359837658703
tt_22.8h,,,,,,2.3600226985290647,2.380224648863077,2.1704652928747237,,2.6119361161254346,,,,2.1685144156217575,2.6016436275094748,,3.7052945592440665,3.810556311160326,,2.8568305312655866,3.5352030973881483,,0.0,0.0,2.339969541877508,,2.9543717177584767,,3.9936549863778055,3.030037737917155,3.054522331804037,2.92898389743641
tt_22.9h,,,,,,2.3591206278651953,2.3801630595698953,2.1695820251479745,,2.630589281208813,,,,2.168514082673937,2.5980318491347134,,3.698170907329768,3.8104053707793355,,2.853627369273454,3.53658528951928,,0.0,0.0,2.3396622790023685,,2.9497658642940223,,3.9899715087376535,3.0297202290967107,3.0535344812087715,2.9285430973395705
tt_23.0h,,,,,,2.358245031442493,2.3801053767092526,2.1687252200208604,,2.622933568432927,,,,2.168513792566955,2.5944551839493215,,3.69112698873505,3.810258963610977,,2.850452272221446,3.536894119810313,,0.0,0.0,2.339362292084843,,2.945297353900969,,3.981795279774815,3.029411253053695,3.0416205590590835,2.9281129129230976
tt_23.1h,,,,,,2.3573860628530383,2.3800528193823993,2.167888503521681,,2.6157046766020358,,,,2.1685135401785374,2.602321913000196,,3.687769249547273,3.8101169844157994,,2.8569991402328014,3.5371813187375665,,0.0,0.0,2.3390754382126033,,2.940870172344148,,3.978106077760458,3.029110699892044,3.04063509311527,2.9276934252120554
tt_23.2h,,,,,,2.356551295146346,2.380002404563129,2.1670743604190648,,2.63422407861799,,,,2.168513320852071,2.598753185942769,,3.680724201258272,3.8099793288856745,,2.8538091853260994,3.5374483014456928,,0.0,0.0,2.3433028515428305,,2.9491901914589107,,3.974449203815311,3.028817919548601,3.0396665651351213,2.9272844353690743
tt_23.3h,,,,,,2.355737620498985,2.3799553462304175,2.1662858445197344,,2.6270018126815557,,,,2.172656054608524,2.5951937935315073,,3.6737742945551872,3.809845892712474,,2.850660924334079,3.523113772738725,,0.0,0.0,2.3430275367572904,,2.944807568565011,,3.9823248074389994,3.028533359989524,3.038713166024536,2.9268857105635107
tt_23.4h,,,,,,2.354946310631931,2.379911453463137,2.1655156766064465,,2.621871621813625,,,,2.1726558632217348,2.591707518324256,,3.6794627993367612,3.7979293134994805,,2.847582421731204,3.523113772738725,,0.0,0.0,2.3427635128609836,,2.940411641728133,,3.978684538975358,3.0282568181864917,3.037775613833219,2.926497282925993
tt_23.5h,,,,,,2.3541742227971554,2.379870602861047,2.164766811300069,,2.621871621813625,,,,2.1726556979119778,2.5882366211153567,,3.6794627993367612,3.7977998345158994,,2.8509092926979065,3.5233542849309742,,0.0,0.0,2.3427635128609836,,2.944369348231703,,3.975074339658022,3.0279881074093282,3.0368529837578535,2.926118998322636
tt_23.6h,,,,,,2.3534205174073577,2.379832631442696,2.1640306543558836,,2.6147772800177336,,,,2.1726556979119778,2.5764389256946743,,3.6726053687743843,3.797674379311502,,2.8509092926979065,3.5235777157358825,,0.0,0.0,2.3425125628709793,,2.944369348231703,,3.9793060864321887,3.0277265198528767,3.0359452702105045,2.9257507254369557
tt_23.7h,,,,,,2.3526840289123356,2.3797973887994885,2.163303228560835,,2.625784704927355,,,,2.1726555549539626,2.5764389256946743,,3.6782814455218613,3.79755284730345,,2.8478739778511226,3.523785234428942,,0.0,0.0,2.34227052424103,,2.9400004846975207,,3.9793060864321887,3.0274559459649026,3.039163739886135,2.9253920656628907
tt_23.8h,,,,,,2.3519815071485937,2.3797647212632,2.162591965403408,,2.625784704927355,,,,2.17265543108806,2.5729885357432067,,3.6782814455218613,3.797435140237212,,2.844838153105229,3.525627651717514,,0.0,0.0,2.342039054259658,,2.9357952112331986,,3.9757418474182487,3.0272101261653006,3.03827464254573,2.925043174531311
tt_23.9h,,,,,,2.3512864424847066,2.3797344835475087,2.1618996653705835,,2.6368914232589304,,,,2.1726553249172866,2.5695682992227376,,3.67153176991269,3.797321164049208,,2.841841365210712,3.525627651717514,,0.0,0.0,2.3418177501298487,,2.939686060883105,,3.979970181826502,3.026971518062055,3.0374002517201006,2.912454661447555
tt_24.0h,,,,,,2.355736347846687,2.379706528969109,2.161222751252353,,2.6368914232589304,,,,2.1726552336476743,2.5662362393923104,,3.6648564329370856,3.797210826072842,,2.829109614249319,3.5258144391700625,,0.0,0.0,2.341606153175235,,2.939686060883105,,3.979970181826502,3.02673963829875,3.0374002517201006,2.912116468884051
tt_24.1h,,,,,,2.355055635329336,2.379680724348873,2.1605684496462345,,2.6298445877619088,,,,2.1726551549509168,2.5704923695884645,,3.6705190828070045,3.7971040322445333,,2.829109614249319,3.525987784843892,,0.0,0.0,2.341406120918691,,2.9354787189513445,,3.9764516800642014,3.026514585595578,3.036540857050568,2.9117873087525368
tt_24.2h,,,,,,2.3543940554372966,2.3796568787656724,2.15992653882131,,2.6406707391142845,,,,2.1726550878956914,2.5671897819265723,,3.6705190828070045,3.7971040322445333,,2.8261510459706187,3.5279043400660157,,0.0,0.0,2.3412130740471184,,2.9232672336511314,,3.9645727099850774,3.0262965876609087,3.0356958671472967,2.911467408761382
tt_24.3h,,,,,,2.353754884097725,2.3796349349431694,2.159294765908271,,2.6406707391142845,,,,2.1726550301536918,2.5671897819265723,,3.663931723218411,3.7970006917603314,,2.8232189789414406,3.528060330543667,,0.0,0.0,2.341028961353004,,2.9191057537682354,,3.9610999752767384,3.0295798648148775,3.034866047091782,2.9111564019694924
tt_24.4h,,,,,,2.3531350512057543,2.3796147713437676,2.1586878611706197,,2.633783236145973,,,,2.176832504104823,2.5638718362897635,,3.653478993102908,3.7969007161445916,,2.826579514890909,3.528060330543667,,0.0,0.0,2.3408553330227733,,2.9191057537682354,,3.9610999752767384,3.02936920337379,3.0380967101082206,2.910853951703757
tt_24.5h,,,,,,2.3525292426347733,2.379596272483468,2.158097090665251,,2.6285801799967885,,,,2.176832454279065,2.560590627603233,,3.6469783703796566,3.7968040173873305,,2.8236862025223672,3.528205005452037,,0.0,0.0,2.340697885490954,,2.9150330615229905,,3.9576983964070678,3.029165026731789,3.037283472251147,2.9105602861382067
tt_24.6h,,,,,,2.351942842826247,2.3795792926102877,2.157521598506719,,2.6285801799967885,,,,2.176832411903888,2.5648903539404273,,3.6469783703796566,3.796710510738194,,2.8236862025223672,3.5302063087001443,,0.0,0.0,2.3449312560260296,,2.9189158151857555,,3.9619148895144463,3.028967447578907,3.036484559532255,2.9105602861382067
tt_24.7h,,,,,,2.3513809707947075,2.379563797265291,2.156973804347217,,2.639145822264254,,,,2.176832376047969,2.5616622525267303,,3.652619150467217,3.7966201114468277,,2.8208679049275815,3.530336474534124,,0.0,0.0,2.3447790164500475,,2.9148790542967618,,3.958534282166511,3.028776303399354,3.035699966363609,2.910275271628052
tt_24.8h,,,,,,2.3508179299533367,2.3795496486127377,2.1564416117034853,,2.6323139499872923,,,,2.176832345314324,2.5584653094410896,,3.646204079966992,3.796532736159861,,2.8242497467435896,3.5304571255110204,,0.0,0.0,2.3446346912533045,,2.9148790542967618,,3.958534282166511,3.028591434005648,3.034929508343339,2.9099985864013433
tt_24.9h,,,,,,2.3508179299533367,2.379536749329418,2.1559290438890457,,2.6323139499872923,,,,2.176832319702953,2.5584653094410896,,3.646204079966992,3.796448303386569,,2.8214277708902955,3.5304571255110204,,0.0,0.0,2.344492003787309,,2.9109372636303306,,3.9627474267035723,3.0284125925973058,3.034929508343339,2.9097299915738404
tt_25.0h,,,,,,2.350282620638609,2.379514342173934,2.1554240533150733,,2.643209627363831,,,,2.1768322978168726,2.5552943716757,,3.6518347449600697,3.7963667353615165,,2.8186134062707424,3.516431727912277,,0.0,0.0,2.344356852117926,,2.914783555082977,,3.9594093579798937,3.02823952678591,3.034172526560724,2.9094695490784943
tt_25.1h,,,,,,2.349768042564392,2.3795048533938825,2.154940485022962,,2.636462534312159,,,,2.176832279190421,2.559598768129945,,3.6455041021108627,3.7962879515253007,,2.8186134062707424,3.5165402558632195,,0.0,0.0,2.344228968489915,,2.9108525216579437,,3.9594093579798937,3.028072390705347,3.033428919967264,2.912993874400854
tt_25.2h,,,,,,2.3492677831090987,2.3794960877858102,2.154476292897016,,2.6540149515494704,,,,2.176832279190421,2.5564486919902265,,3.639274495653808,3.7962118755094707,,2.8219966893084347,3.5166407972574234,,0.0,0.0,2.344108081422746,,2.9108525216579437,,3.9636193243786693,3.027911050710827,3.0366735788993537,2.912742292974144
tt_25.3h,,,,,,2.353657209314406,2.379488166421652,2.1540325861424208,,2.647277901880443,,,,2.1768322638235986,2.5533794132061303,,3.6511251581832767,3.8003977364860475,,2.8192601506598294,3.5166407972574234,,0.0,0.0,2.343993864953518,,2.9147543874569237,,3.9603240522556007,3.0277553126215935,3.0359468599781394,2.912498534657061
tt_25.4h,,,,,,2.353173498529941,2.379481012932956,2.153605760540813,,2.647277901880443,,,,2.1768322507850826,2.550328018143773,,3.6448779674246907,3.8003241820260882,,2.816568464972079,3.5187953682616353,,0.0,0.0,2.343886135146022,,2.910912273917347,,3.957096462137997,3.027605105191469,3.0352331763133407,2.9122624094597995
tt_25.5h,,,,,,2.352702622767538,2.3794745742343366,2.1528039341792464,,2.6418284876272082,,,,2.164991249330342,2.5415434753522277,,3.6387307113036513,3.8002531877718866,,2.8138588364236057,3.518885787576437,,0.0,0.0,2.3437845818698406,,2.9071401082910597,,3.94842666387558,3.027443506754935,3.0345329171977937,2.9120337646454573
tt_25.6h,,,,,,2.352245643734932,2.3794687842018902,2.152423109393567,,2.6351453592069447,,,,2.164991238154471,2.538493505679071,,3.6387307113036513,3.8001846810802817,,2.8138588364236057,3.5189695083536208,,0.0,0.0,2.343689049128443,,2.9071401082910597,,3.9451720137149096,3.0273038893938065,3.0338456900790334,2.9118122505024076
tt_25.7h,,,,,,2.3518060818314552,2.3794635869562626,2.152057963889092,,2.6526392572559416,,,,2.164991228841245,2.535467451903969,,3.6282212254591286,3.8001185902394354,,2.8011750197038054,3.5190470102243125,,0.0,0.0,2.343599637504667,,2.8948890180327,,3.941984969191253,3.0271694366820157,3.033170652575791,2.911597779020667
tt_25.8h,,,,,,2.3513809237629175,2.379458930809051,2.1517077814787626,,2.6458300133235753,,,,2.1649912209250033,2.5324762845411897,,3.6221553939394653,3.800054846331477,,2.798524566926062,3.52119781402871,,0.0,0.0,2.343515898101032,,2.891137848608196,,3.9493754599243402,3.0270400224253535,3.032508564647287,2.9113902798853815
tt_25.9h,,,,,,2.3509592027403414,2.379454765934497,2.1513680941425264,,2.639402149245143,,,,2.1649912144057453,2.529517322778702,,3.6161537165753543,3.799993379972875,,2.7958881156519055,3.521273097489029,,0.0,0.0,2.3434365186840296,,2.8874743869528174,,3.946183297317475,3.0269154645502567,3.0203221910633147,2.911189719568938
tt_26.0h,,,,,,2.35056293848902,2.3794510485604405,2.1510462523438036,,2.6565981577150524,,,,2.164991209283471,2.5337774981744587,,3.6277421060949564,3.799934124574065,,2.793281553313136,3.521342766005546,,0.0,0.0,2.3476511407643557,,2.8951871087774634,,3.9430141360498965,3.0267956196330488,3.0196634382009506,2.9109959406778216
tt_26.1h,,,,,,2.3501814445480704,2.3794477358460426,2.1507394830696285,,2.6500359340570867,,,,2.1649912046268582,2.5337774981744587,,3.621756815817207,3.7998770140111446,,2.79667516797781,3.52140722470358,,0.0,0.0,2.3476511407643557,,2.8915141825564206,,3.9472092050127685,3.02668018033728,3.0190173415467143,2.9108087234199047
tt_26.2h,,,,,,2.3498125337064266,2.379444790072739,2.1504473336972296,,2.660720120649785,,,,2.164991200901568,2.530846032779664,,3.615834544878453,3.799821984488517,,2.79667516797781,3.5237052170559764,,0.0,0.0,2.347577495034784,,2.887894437648356,,3.9472092050127685,3.026569007895887,3.018383960239589,2.910627762787044
tt_26.3h,,,,,,2.3494602367281914,2.379442175384611,2.150169760454446,,2.660720120649785,,,,2.164991197641939,2.5279478495940566,,3.62143092462793,3.7997689731419086,,2.7940833405591547,3.5237052170559764,,0.0,0.0,2.347507889382541,,2.8842811873182654,,3.9440796389244497,3.026359780225903,3.0177624537609518,2.9141598185524344
tt_26.4h,,,,,,2.349120241124183,2.379439859185368,2.1499069933779538,,2.6543821776285768,,,,2.1649911953136325,2.5250960970297456,,3.62143092462793,3.799717917572707,,2.7915545175783336,3.523763156030327,,0.0,0.0,2.347442819736898,,2.8882303778082132,,3.941014828160405,3.0262614814564586,3.0171530372463167,2.9139858074486256
tt_26.5h,,,,,,2.3487942880019546,2.379437810741365,2.1496568699367344,,2.6487193913199008,,,,2.169203275348991,2.5293548335321248,,3.6155873918905854,3.7996687572449446,,2.7949811536818743,3.5238167364150286,,0.0,0.0,2.3473829538561404,,2.8882303778082132,,3.9482713383622468,3.0261672330088913,3.016555321868509,2.913817965425551
tt_26.6h,,,,,,2.3371178987435997,2.37943600397557,2.149419545661658,,2.6487193913199008,,,,2.169203273486346,2.5265566525049508,,3.6211779857985675,3.7996214334852993,,2.792471011634916,3.5238662767224014,,0.0,0.0,2.347326305229217,,2.8846894716843963,,3.945179721340537,3.0260769175365567,3.0198236857540905,2.9136561565101147
tt_26.7h,,,,,,2.3368025282397866,2.37943441234529,2.1491942955181003,,2.659335901029408,,,,2.169203271623701,2.5265566525049508,,3.6211779857985675,3.7995758880861104,,2.792471011634916,3.5101282517425716,,0.0,0.0,2.3472735518589616,,2.8886570809409022,,3.942152939271182,3.0259903674013913,3.0192415160126984,2.9136561565101147
tt_26.8h,,,,,,2.3364984709769487,2.379433013498783,2.148981897160411,,2.659335901029408,,,,2.169203270226717,2.5237681469880044,,3.6154126510955393,3.799532064702362,,2.7899629683233798,3.5101282517425716,,0.0,0.0,2.3472244911827147,,2.8851796514354646,,3.9302320084534585,3.0259075150825083,3.0186708248220384,2.913500063121319
tt_26.9h,,,,,,2.336205921135843,2.3794317869469523,2.1487794062122703,,2.6528707584366202,,,,2.169203270226717,2.521012381184846,,3.604894320946187,3.7994899079203606,,2.787493225187063,3.510173191782087,,0.0,0.0,2.347178927157074,,2.8851796514354646,,3.9302320084534585,3.0258282548747957,3.0186708248220384,2.913349690847099
tt_27.0h,,,,,,2.3359275991097093,2.379430713132024,2.148587463889271,,2.6633748109452426,,,,2.169203268829733,2.5252750725485384,,3.599206722807139,3.799449393991381,,2.790944821201265,3.510214954148978,,0.0,0.0,2.3471366693265736,,2.8817669679410756,,3.927220657467842,3.0257524750195444,3.0181121164932847,2.9132049246691167
tt_27.1h,,,,,,2.3356598527170718,2.37942977482453,2.148406755179167,,2.6633748109452426,,,,2.1692032678984106,2.522549419198185,,3.599206722807139,3.799410479143262,,2.788513877429068,3.5126429861411452,,0.0,0.0,2.3470985405147076,,2.869548024609685,,3.9314003656618297,3.0256800656206906,3.0175644801929593,2.9130656202323735
tt_27.2h,,,,,,2.3354060938581824,2.3794289575889707,2.14823735691607,,2.657091037835926,,,,2.169203266967088,2.519888702314347,,3.593595019541681,3.803581722546369,,2.788513877429068,3.5126809221692383,,0.0,0.0,2.3470623488537967,,2.8661271589808166,,3.9284253660589457,3.0256109181791544,3.0170279517769814,2.9129316355101764
tt_27.3h,,,,,,2.3351618736051023,2.379428246524185,2.1480751847848296,,2.667540905997157,,,,2.1692032665014267,2.519888702314347,,3.59917886601761,3.8035443075932562,,2.78610579110682,3.5126809221692383,,0.0,0.0,2.3352185976691544,,2.8661271589808166,,3.9284253660589457,3.0255449269898236,3.020304463338107,2.9128028289414942
tt_27.4h,,,,,,2.3351618736051023,2.379427629057318,2.1479221135377884,,2.667540905997157,,,,2.1692032660357654,2.5172302345745265,,3.5936439582146704,3.8035083902068436,,2.7734405952505767,3.51271615549922,,0.0,0.0,2.3351849922910333,,2.870095817372203,,3.9326013401150703,3.025481986347586,3.0197822572663426,2.9126790622249246
tt_27.5h,,,,,,2.334915737621486,2.37942709447816,2.1477789864875376,,2.6617211056873202,,,,2.169203265570104,2.5053476560860872,,3.5936439582146704,3.8034739196300507,,2.771050675306469,3.515214963350445,,0.0,0.0,2.3351540146395564,,2.86678158165887,,3.9296837262809277,3.025421993341297,3.0192712219431996,2.916236581746489
tt_27.6h,,,,,,2.3346912106499076,2.379426632542163,2.1476454068906605,,2.6555253150872886,,,,2.1734377392567694,2.502729081083089,,3.5992260822094977,3.8034408478997648,,2.768752561416477,3.5152469612658024,,0.0,0.0,2.3351254877634346,,2.8634772934019566,,3.9296837262809277,3.025364846922457,3.0187714439816773,2.9161178348585963
tt_27.7h,,,,,,2.334478087723255,2.3794262344017625,2.1475174874067307,,2.6555253150872886,,,,2.1734377392567694,2.500141889322549,,3.5937677226029336,3.8034091270528734,,2.768752561416477,3.515276663005352,,0.0,0.0,2.33509601932019,,2.8634772934019566,,3.9338338342495263,3.02531044697389,3.018282335717231,2.916003864724189
tt_27.8h,,,,,,2.3342750244773924,2.379425891675055,2.147396100219339,,2.6654988257214427,,,,2.173437738791108,2.4975718315690756,,3.5937677226029336,3.8033787114545703,,2.7722072415053844,3.515276663005352,,0.0,0.0,2.335071928333491,,2.8673709533177316,,3.930951756425202,3.025258695706725,3.018282335717231,2.9158945376984775
tt_27.9h,,,,,,2.3340816628187895,2.3794255973771214,2.1472835582681,,2.659278189763427,,,,2.173437738791108,2.4975718315690756,,3.5993496705777943,3.8033495554700494,,2.7698883460834622,3.5178375774994493,,0.0,0.0,2.335049840155989,,2.864092391449958,,3.928087146487087,3.0252094976603985,3.017803915310651,2.915789601393044
tt_28.0h,,,,,,2.3384606246836483,2.379425345454365,2.1471794582903385,,2.6755897072143853,,,,2.173437738325447,2.50183487450704,,3.5939681213349104,3.803321615792811,,2.767587496433407,3.5178645444102585,,0.0,0.0,2.3350306269712746,,2.8609105683863163,,3.928087146487087,3.025162739213556,3.021088601090014,2.9156889277510345
tt_28.1h,,,,,,2.338274952955544,2.379425129853189,2.1470826445147395,,2.669536736793816,,,,2.173437738325447,2.4993030880577862,,3.5886770403012633,3.8032948495820165,,2.7653392856009305,3.5178895625285804,,0.0,0.0,2.335012147668749,,2.8609105683863163,,3.91614595009014,3.025118329562247,3.0206225216388702,2.915592495817691
tt_28.2h,,,,,,2.3380987411364913,2.379424946382642,2.14699276862666,,2.669536736793816,,,,2.173437738325447,2.4967861413024366,,3.5834474288858473,3.80326921492815,,2.770948506426066,3.517912767827511,,0.0,0.0,2.334995286539197,,2.8648375142365694,,3.913336517754942,3.0250761988572776,3.02016714354977,2.9155001775361598
tt_28.3h,,,,,,2.3379318732768297,2.3794247899204493,2.1469099703244865,,2.6795858833938837,,,,2.1734377378597856,2.494336368981749,,3.5781428515911102,3.8032446722500026,,2.7687096651643515,3.5044056866317987,,0.0,0.0,2.334979926701635,,2.8616627077572048,,3.913336517754942,3.0250362581573427,3.019722444936633,2.9154118434526026
tt_28.4h,,,,,,2.3377736140973866,2.3794246576726437,2.1468342347070575,,2.673646640498191,,,,2.1734377378597856,2.494336368981749,,3.5729284496046603,3.803221181500703,,2.7664803289808333,3.5044283946044743,,0.0,0.0,2.334965958725661,,2.8585223900154233,,3.917473327368498,3.024998420383781,3.01928799925372,2.915327364578843
tt_28.5h,,,,,,2.3376236772164702,2.3794245454482734,2.1467651575803757,,2.6735915462486446,,,,2.1734377378597856,2.498629624489695,,3.5837297420948744,3.8031987049616873,,2.7642759066075087,3.504449451342225,,0.0,0.0,2.334953277371824,,2.849465793464333,,3.9146973080933094,3.0249626017175615,3.018863694742322,2.915246626827866
tt_28.6h,,,,,,2.3374817902222276,2.3794243703596294,2.1466453946195543,,2.6674474752508104,,,,2.1776204616762698,2.496190512087196,,3.5785028119571507,3.8031772053800523,,2.7620783019810915,3.504468971863389,,0.0,0.0,2.3349417839199305,,2.846309403888881,,3.9119369448162615,3.024928718805313,3.018449484370649,2.9151695095933974
tt_28.7h,,,,,,2.337347922846675,2.379424303304404,2.1465941993519664,,2.661484995856881,,,,2.1776204616762698,2.4937835172750056,,3.5733657451346517,3.803156646899879,,2.767745050136,3.5071455179713666,,0.0,0.0,2.339218164794147,,2.8432713076472282,,3.918828937690705,3.024896690621972,3.0056388592347503,2.902694842312485
tt_28.8h,,,,,,2.3372219023294747,2.3794242469593883,2.1465478618629277,,2.6774256732314825,,,,2.1776204612106085,2.491407738532871,,3.568284574896097,3.803136993665248,,2.7655666689388454,3.5071455179713666,,0.0,0.0,2.33920657588169,,2.840238541830331,,3.916085736826062,3.0248659290373325,3.0056388592347503,2.9026181511580944
tt_28.9h,,,,,,2.337102493736893,2.38412583200261,2.1465062801726162,,2.671504338737577,,,,2.1776204612106085,2.489077648613602,,3.578946802765131,3.8031182126142085,,2.763407101854682,3.507163227070123,,0.0,0.0,2.339196089655161,,2.84735947009176,,3.913378403056413,3.0248373970389366,3.0052359476685524,2.9025449454784393
tt_29.0h,,,,,,2.3369908737950027,2.384125783573836,2.1464691017754376,,2.6812702659517527,,,,2.1776204612106085,2.4956352300941944,,3.5738879973068833,3.8031002706848085,,2.7612603325396776,3.507179635576904,,0.0,0.0,2.3391866176389158,,2.844314786605537,,3.920211791526526,3.024810489267111,3.0048422841355205,2.9024750869721174
tt_29.1h,,,,,,2.336885254830122,2.384125743061304,2.1505091548897326,,2.6812702659517527,,,,2.1776204612106085,2.493290684185922,,3.5688854549080133,3.803083135280758,,2.748640497215092,3.5071948361583054,,0.0,0.0,2.3391780774109066,,2.841281487606466,,3.917500334326178,3.024785134010017,3.0044581280089915,2.9024084000848234
tt_29.2h,,,,,,2.3367861709557474,2.3841257095336914,2.1504771052859724,,2.6754922699183226,,,,2.1776204612106085,2.490984045434743,,3.5744993994012475,3.807268286589533,,2.748640497215092,3.5099101467058063,,0.0,0.0,2.339170390740037,,2.845265867188573,,3.914824296720326,3.0247612604871392,3.0040836348198354,2.902344798669219
tt_29.3h,,,,,,2.341189390514046,2.384125681128353,2.1504486580379307,,2.6911999508738518,,,,2.1776204612106085,2.488708113785833,,3.5744993994012475,3.807251903694123,,2.7465185690671206,3.50992502970621,,0.0,0.0,2.339163484983146,,2.845265867188573,,3.902835999149829,3.0247388002462685,3.0037186797708273,2.902284238487482
tt_29.4h,,,,,,2.3410955336876214,2.38412565831095,2.1504235100001097,,2.68521269550547,,,,2.1776204612106085,2.4864619211293757,,3.569566899444908,3.8072362672537565,,2.744432299863547,3.509938813280314,,0.0,0.0,2.3391572926193476,,2.8423598776571453,,3.902835999149829,3.0247176862321794,3.0033630914986134,2.9022266105748713
tt_29.5h,,,,,,2.3410077141597867,2.3841256387531757,2.150401371065527,,2.678611930925399,,,,2.1776204612106085,2.4745726720429957,,3.559048369061202,3.8072213483974338,,2.7478573857806623,3.5099515761248767,,0.0,0.0,2.3391517493873835,,2.839437573682517,,3.9001923399046063,3.024697855114937,3.0066646649502218,2.902171808760613
tt_29.6h,,,,,,2.3409256585873663,2.384125622920692,2.1503819641657174,,2.678611930925399,,,,2.1776204612106085,2.4745726720429957,,3.559048369061202,3.807207118719816,,2.745786005165428,3.51272732950747,,0.0,0.0,2.3391467975452542,,2.8433562265709043,,3.9043061677366495,3.0246792435646057,3.0063201170414686,2.902119714766741
tt_29.7h,,,,,,2.3408489911817014,2.384125610347837,2.150365028064698,,2.672940742690116,,,,2.1657632421702147,2.472366103902459,,3.554183322004974,3.807193550746888,,2.745786005165428,3.51272732950747,,0.0,0.0,2.339142382144928,,2.8433562265709043,,3.901697408873588,3.02466179151088,3.0063201170414686,2.9020702335983515
tt_29.8h,,,,,,2.3407783838920295,2.3841255996376276,2.150350314565003,,2.682651943527162,,,,2.1657632421702147,2.4701802069321275,,3.559752922039479,3.807180618401617,,2.743743034079671,3.5127389011904597,,0.0,0.0,2.3391384524293244,,2.8404486351646483,,3.901697408873588,3.0246454407460988,3.005984516814351,2.902023272588849
tt_29.9h,,,,,,2.3407783838920295,2.384125590790063,2.1503375926986337,,2.682651943527162,,,,2.1657632421702147,2.4680178612470627,,3.554938400629908,3.8071682951413095,,2.7472537383437157,3.5127496109344065,,0.0,0.0,2.3391349618323147,,2.82829596567899,,3.899124948773533,3.0246301349252462,3.005666345823556,2.9055797536857426
tt_30.0h,,,,,,2.3407119386829436,2.384125583805144,2.150326645001769,,2.6769815292209387,,,,2.1657632421702147,2.472249122802168,,3.554938400629908,3.8071565572172403,,2.7452233475632966,3.4994759731926024,,0.0,0.0,2.3391318675130606,,2.8254813766106963,,3.9032358494587243,3.02460244204849,3.005347522906959,2.9055355503223836
tt_30.1h,,,,,,2.3406502320431173,2.3841255782172084,2.150317270308733,,2.6866191159933805,,,,2.1657632421702147,2.4701108592562377,,3.5501630348153412,3.8071453794837,,2.743225249927491,3.4994856836274266,,0.0,0.0,2.343389743939042,,2.8254813766106963,,3.9032358494587243,3.0245899530127645,3.005037006922066,2.905493658501655
tt_30.2h,,,,,,2.340593048837036,2.3841255735605955,2.1503092842176557,,2.6866191159933805,,,,2.1657632421702147,2.4701108592562377,,3.555802686139941,3.8071453794837,,2.743225249927491,3.4994856836274266,,0.0,0.0,2.3433869876898825,,2.8226741878315806,,3.900697340257466,3.0245783030986786,3.008342415560037,2.905453985091299
tt_30.3h,,,,,,2.3405400845222175,2.384125569835305,2.150302514899522,,2.6960255368612707,,,,2.1657632421702147,2.4680072786286473,,3.555802686139941,3.8071347400546074,,2.741249886341393,3.49949466669932,,0.0,0.0,2.3433845536783338,,2.8265874488279223,,3.9048068756237626,3.0245674457401037,3.008041977416724,2.905416438821703
tt_30.4h,,,,,,2.3404911402612925,2.384125566575676,2.1502968086861074,,2.690340674482286,,,,2.1657632421702147,2.472225326579064,,3.5510763875208795,3.8071246151812375,,2.744742632843554,3.502371690236032,,0.0,0.0,2.343382408376783,,2.8238161727786064,,3.9023018227890134,3.0245573366992176,3.0077498792670667,2.9053809316828847
