Angular_Width,27,36,31,29,35,39,42,47,35,39,30,34,47,32,38,36,41,37,34,50,20,32,28,59,40,45,39,23,23,39,38,35
Velocity,1700,1323,1334,602,815,1081,950,1450,900,870,1638,1200,1020,830,1225,680,648,400,1040,974,341,850,538,1500,944,1150,930,685,460,670,680,640
Observed,2.2430555555555554,1.9215277777777777,1.7048611111111112,3.270138888888889,2.7694444444444444,1.95,2.213888888888889,2.45,3.4923611111111112,2.854861111111111,2.6881944444444446,2.967361111111111,2.1631944444444446,2.770138888888889,2.727777777777778,3.80625,3.1902777777777778,4.250694444444444,2.9868055555555557,2.5791666666666666,3.9430555555555555,2.792361111111111,4.080555555555556,2.6798611111111112,2.2756944444444445,2.3958333333333335,2.776388888888889,3.9430555555555555,3.926388888888889,4.305555555555555,2.904861111111111,3.920138888888889
Spheroidal,,2.415553924627602,,,4.238728884141892,3.4413153366185725,3.3362147072330117,3.2254287665709853,,3.3854397828690708,,,4.206036859191954,3.773929091,4.295273403,,,3.379968783352524,,3.4716124776750803,4.661381174810231,,,,3.3756020362488925,,,,,3.5357545847073197,3.829226778820157,3.7825094661675394
tt_1.0h,,2.5177437737584114,,,5.0620787790976465,4.352726226206869,4.683459430932999,4.511859830003232,,4.4772990816272795,,,5.065221517812461,4.748968916013837,5.0212912377901375,,,3.4743420821614563,,4.657846767921001,4.915494269691408,,,,4.463307217229158,,,,,4.732784152496606,4.913559022,4.648001709487289
tt_1.1h,,2.5129324081353843,,,4.981519193,4.302598227746785,4.632552214898169,4.458503212314099,,4.399360270239413,,,5.065221517812461,4.692721103783697,5.009149182122201,,,3.4730101167224348,,4.604232787620276,4.916346816346049,,,,4.4666026146151125,,,,,4.693581848870963,4.869459782727063,4.629286402370781
tt_1.2h,,2.5129324081353843,,,4.970274990890175,4.256381061859429,4.5836891531944275,4.407917699310929,,4.328828298486769,,,4.9559988882392645,4.697790710721165,5.009149182122201,,,3.4716576170176268,,4.555198214482516,4.916346816346049,,,,4.424073975998908,,,,,4.656513251364231,4.869459782727063,4.610623389016837
tt_1.3h,,2.508479133248329,,,4.970274990890175,4.256381061859429,4.536761227063835,4.360931319,,4.336044835392386,,,4.960938347503543,4.645625764504075,5.013118925038725,,,3.4702972625382245,,4.558080469,4.910494179464877,,,,4.384546442888677,,,,,4.621346406172961,4.828430477064103,4.592067516408861
tt_1.4h,,2.4926699525676668,,,4.896998011507094,4.213437044,4.492098011,4.315167572,,4.271098104305565,,,4.960938347503543,4.596917191985995,4.912818223,,,3.4689187463372946,,4.512139996048063,4.895253071095794,,,,4.346324928570539,,,,,4.587913020513952,4.7901636571623385,4.573661905713379
tt_1.5h,,2.4926699525676668,,,4.901854760013521,4.174853653647006,4.4502948466688395,4.272511408198625,,4.271098104305565,,,4.965897047426552,4.596917191985995,4.912818223,,,3.467523013241589,,4.512139996048063,4.889347633346915,,,,4.309380182996392,,,,,4.556311871,4.754313889425248,4.555411479901522
tt_1.6h,,2.488566637504846,,,4.901854760013521,4.1380206402391195,4.409484417643398,4.231289221905172,,4.211427926551551,,,4.965897047426552,4.551134400535375,4.916932944208384,,,3.473484205082059,,4.468981578480452,4.889347633346915,,,,4.274495434947312,,,,,4.526085817720741,4.720577563624829,4.537388402502984
tt_1.7h,,2.4889766182750463,,,4.906701650004834,4.103734781499952,4.370012631174177,4.192139808,,4.202864211983979,,,4.970860403962433,4.508156578056514,4.829993743915111,,,3.471999150235206,,4.455853167455643,4.883381943684071,,,,4.274495434947312,,,,,4.4970657574012876,4.725093985442072,4.519586267881095
tt_1.8h,,2.4851142819970846,,,4.841113377828151,4.108163603115827,4.333154720719904,4.154540058691055,,4.147071578539908,,,4.875401563942432,4.513367072213441,4.829993743915111,,,3.4705130443908274,,4.415627756621689,4.884282653685659,,,,4.241113827563822,,,,,4.469191800337285,4.693505203351378,4.5020218207500875
tt_1.9h,,2.4851142819970846,,,4.841113377828151,4.076221552,4.297173093,4.118676914833486,,4.094936355482787,,,4.875401563942432,4.472292607650161,4.834188931,,,3.4690370257012546,,4.377302665263414,4.878299457486719,,,,4.208169582299888,,,,,4.442367855925113,4.663491727784276,4.484709545504302
tt_2.0h,,2.4855021755211055,,,4.845936618279666,4.045247712638229,4.261993909720331,4.083782648667693,,4.094936355482787,,,4.864157867152244,4.434176523704082,4.834188931,,,3.467574665788561,,4.377302665263414,4.878299457486719,,,,4.176841830834746,,,,,4.416536101140082,4.634900206699967,4.4676554799079895
tt_2.1h,,2.4818601133301854,,,4.787135047372431,4.0167139382101595,4.229232152,4.0504268473014235,,4.102668578736484,,,4.864157867152244,4.397065781522542,4.822288053575903,,,3.466128196567297,,4.380354132503271,4.879212357569486,,,,4.180548708885908,,,,,4.391579140443355,4.6076142601668835,4.469471143558621
tt_2.2h,,2.478241260163486,,,4.734048797748983,3.988660133909434,4.1969808312132955,4.018316346220672,,4.055114395450801,,,4.869038222823292,4.397065781522542,4.7438287804834545,,,3.4646959197707474,,4.343466999009252,4.873211244121194,,,,4.150671068113297,,,,,4.367479451932013,4.581458935,4.4527487782761455
tt_2.3h,,2.4823366277851164,,,4.775815957225859,3.9624097631312907,4.165530437603593,3.987218279391527,,4.009474940598011,,,4.787712464574724,4.386258399114013,4.7438287804834545,,,3.463278428,,4.308212052565068,4.867188402451575,,,,4.120884967036545,,,,,4.344364553224295,4.556354015134275,4.436288774479181
tt_2.4h,,2.478699331637472,,,4.722714815754443,3.936763096600771,4.136203764937818,3.956994140520692,,3.966670590918511,,,4.787712464574724,4.350932384841144,4.7481132303364575,,,3.461890958249569,,4.275024343747646,4.867188402451575,,,,4.092799205798656,,,,,4.321985295973718,4.556354015134275,4.420091825071722
tt_2.5h,,2.4753463095985353,,,4.674051296431571,3.936763096600771,4.107110674958676,3.928044505417347,,4.017257020343095,,,4.792515575,4.3167524938471615,4.6765397153794765,,,3.460507712792605,,4.311369887553155,4.868155704345554,,,,4.065172323491424,,,,,4.300274241250008,4.560759668238461,4.404308571945876
tt_2.6h,,2.4753463095985353,,,4.727456016931683,3.940848135855049,4.079520309809595,3.900054095312953,,3.9744787765666842,,,4.721715228,4.284656858071685,4.752359845675528,,,3.459142979234457,,4.278229036834091,4.862178484909236,,,,4.038287536241114,,,,,4.279169941321015,4.536590932,4.388782034628093
tt_2.7h,,2.4596825796179473,,,4.678752265870571,3.9166686753742397,4.0524275144562125,3.8727085012942553,,3.9336893358267844,,,4.797324240207672,4.253707483410835,4.680889574,,,3.457797004841268,,4.246024321299046,4.8562064208090305,,,,4.012876528315246,,,,,4.2588626043871045,4.513325477950275,4.373510017991066
tt_2.8h,,2.4562524100765586,,,4.633784761186689,3.8930360986851156,4.0264797965064645,3.8463750202208757,,3.8960255132988095,,,4.726450165268034,4.223308845423162,4.6161763817071915,,,3.456469156779349,,4.214600899722427,4.847075076,,,,3.9873095024377108,,,,,4.238928077742457,4.491062709596008,4.358489899430424
tt_2.9h,,2.4528922787867486,,,4.683453894685954,3.870427220594138,4.001705714035779,3.8206001515500247,,3.9040493620559573,,,4.786020273342729,4.259052019100636,4.685227611567825,,,3.455161335412413,,4.249274920672178,4.841142711695284,,,,3.9633985883556306,,,,,4.219524287153035,4.469554825220257,4.343718006275594
tt_3.0h,,2.456712817773223,,,4.6384696727618575,3.8485538312233984,3.976850809995085,3.795442564,,3.9040493620559573,,,4.715088108088821,4.2286668717861176,4.620583345,,,3.4538738788105547,,4.217894412111491,4.835234755184501,,,,3.9395786514505744,,,,,4.200601241085678,4.448908946942538,4.329190789721906
tt_3.1h,,2.453403826802969,,,4.596633328590542,3.827064795885235,3.953741338569671,3.747716139536351,,3.868225245270878,,,4.652092968579382,4.199462638236582,4.608851902186871,,,3.4591821250505745,,4.188487802166492,4.829355953261256,,,,3.9163871970959008,,,,,4.182530709542334,4.4287029122933745,4.314904252998531
tt_3.2h,,2.4499932192265987,,,4.643130152486265,3.806693332269788,3.930720712058246,3.7248115385882556,,3.8339011729694903,,,4.719823205377907,4.171859565656632,4.608851902186871,,,3.4578699585981667,,4.159208605065942,4.836307522840798,,,,3.920372354798019,,,,,4.1648889584466815,4.409063272643834,4.300877167843282
tt_3.3h,,2.450529800262302,,,4.601251640357077,3.786459729541093,3.9088771482929587,3.7023610658943653,,3.801852726843208,,,4.656762034632266,4.144914428703487,4.547834173776209,,,3.4578699585981667,,4.131366481073201,4.830466873478144,,,,3.920372354798019,,,,,4.1475051823072135,4.3972660237923265,4.287059385795146
tt_3.4h,,2.450529800262302,,,4.589792624115944,3.7673907447606325,3.887389482,3.680570059,,3.825443682,,,4.6614522584713995,4.118359799031168,4.552278657,,,3.456579177174717,,4.146475433371961,4.824631687253714,,,,3.8979422166012228,,,,,4.130527360830456,4.378169627394527,4.273469449952245
tt_3.5h,,2.4472249331884086,,,4.589792624115944,3.7552372668869793,3.866922713816166,3.6591685665771365,,3.7933390475809574,,,4.6614522584713995,4.123727493919432,4.552278657,,,3.4553121756762266,,4.118668449111283,4.825773837976158,,,,3.8757873689755797,,,,,4.113937354180962,4.378169627394527,4.260102998
tt_3.6h,,2.4438071832992136,,,4.550548911560327,3.7364432155154645,3.846728288102895,3.6383938854560256,,3.762844198849052,,,4.603958731051534,4.123727493919432,4.494501857087016,,,3.454068847000599,,4.091629642993212,4.825773837976158,,,,3.854736017,,,,,4.097725719213486,4.359617163427174,4.246955533977598
tt_3.7h,,2.444321154616773,,,4.555129437707365,3.717907308600843,3.827313831076026,3.6181601234711707,,3.733762057032436,,,4.666149525903165,4.098853911,4.556711206678301,,,3.4528482272289693,,4.065175029449165,4.819995548110455,,,,3.833713708911091,,,,,4.082179373595864,4.341896298807114,4.2340240073390305
tt_3.8h,,2.444321154616773,,,4.555129437707365,3.717907308600843,3.8081708629615605,3.5982515341602266,,3.741178217343986,,,4.608581517357379,4.074346770066768,4.498989373,,,3.4516370678320527,,4.068644585553557,4.814249095972627,,,,3.8136298987083137,,,,,4.066985002253205,4.324611011426896,4.221328400541097
tt_3.9h,,2.4409842379391193,,,4.518399584572762,3.7001412040553987,3.790055014193058,3.578903537709266,,3.741178217343986,,,4.597121124621481,4.050138070713729,4.503464909736067,,,3.450420798268169,,4.068644585553557,4.815452774055302,,,,3.793677164707333,,,,,4.052110145799816,4.3075937195681036,4.208818810526282
tt_4.0h,,2.425435903016478,,,4.52294282,3.6828710855916142,3.7720234892331064,3.560025531798601,,3.713736047502607,,,4.597121124621481,4.055538045242429,4.503464909736067,,,3.449200592469424,,4.043706598225981,4.815452774055302,,,,3.774607168044895,,,,,4.056815355550498,4.290984150953591,4.1966320080682635
tt_4.1h,,2.425435903016478,,,4.52294282,3.6660654987208545,3.7547010998241603,3.5413281740620732,,3.687893292400986,,,4.601771563757211,4.032837517559528,4.450566958170384,,,3.4479786595329642,,4.018902660347521,4.8097749459557235,,,,3.755694346036762,,,,,4.042135902680457,4.274898183066398,4.184642811305821
tt_4.2h,,2.4220429402776062,,,4.4885700973682106,3.649467747,3.7377804769203067,3.523242212831974,,3.695119382813573,,,4.601771563757211,4.010530393,4.438973932061344,,,3.446758536156267,,4.022426347248256,4.794910600874573,,,,3.7437122254632413,,,,,4.027790447231382,4.279126908630133,4.187419758643955
tt_4.3h,,2.422558832447976,,,4.493104448541999,3.6333936867304146,3.7215241696685553,3.5053423289209604,,3.6701764171011746,,,4.548950234428048,4.010530393,4.438973932061344,,,3.4455555016174912,,3.9988199854269624,4.789297684561461,,,,3.7254167394712567,,,,,4.013722367119044,4.263264526147395,4.175657303538173
tt_4.4h,,2.419084392953664,,,4.460342678,3.6372159803286195,3.7057429901324213,3.4880409743636847,,3.6701764171011746,,,4.553550233133137,3.9885326689109206,4.443472175858915,,,3.4443436432629824,,3.9988199854269624,4.789297684561461,,,,3.7074638749472797,,,,,4.000201269984245,4.248036746867001,4.1640835530124605
tt_4.5h,,2.419084392953664,,,4.460342678,3.6213214406743646,3.6901273485273123,3.471049099229276,,3.647032286506146,,,4.553550233133137,3.9675960205495358,4.392117649782449,,,3.443138586357236,,3.975444056093693,4.783722307533026,,,,3.690045941155404,,,,,3.9870671536773443,4.233129495289177,4.152694317512214
tt_4.6h,,2.4196556261740625,,,4.448740196414292,3.606060480698943,3.6751585653983057,3.4543903693556786,,3.6540289972908795,,,4.558142464142293,3.956892365589738,4.392117649782449,,,3.4478438613004982,,3.9790075956843793,4.7850259225815535,,,,3.672784900292754,,,,,3.9739524382166564,4.218404794577509,4.1415086491033435
tt_4.7h,,2.416159492917359,,,4.417241163551807,3.591218708548695,3.646158589515835,3.4380952711217105,,3.631689939647913,,,4.510334061458707,3.936364784836769,4.396624080836773,,,3.446589549537748,,3.9566945377737284,4.779533493332565,,,,3.6560349236242473,,,,,3.9612111505120993,4.218404794577509,4.130477978847921
tt_4.8h,,2.4124936126172543,,,4.417241163551807,3.576447031,3.6321640592068434,3.4218091554939747,,3.610626288689673,,,4.510334061458707,3.915893224067986,4.348584454506636,,,3.445360461715609,,3.9344397922977805,4.779533493332565,,,,3.639539387077093,,,,,3.948622473049909,4.204007430002093,4.119620826095343
tt_4.9h,,2.4124936126172543,,,4.421685823705047,3.5620700819417834,3.618596673,3.406143023632467,,3.610626288689673,,,4.498792022932321,3.8968671946786344,4.401137909851968,,,3.4441300216130912,,3.9344397922977805,4.780867408029735,,,,3.6236555064097047,,,,,3.936253215186298,4.189997442997992,4.108956209849566
tt_5.0h,,2.413044766522944,,,4.391730971168727,3.5620700819417834,3.6055301064625382,3.390704874880612,,3.6012064102105796,,,4.498792022932321,3.8968671946786344,4.353137952275574,,,3.4429135136306286,,3.921957090962678,4.775457248091698,,,,3.6236555064097047,,,,,3.9245686098001897,4.194201319012791,4.098436310421675
tt_5.1h,,2.409188244957477,,,4.426127568818629,3.548254339955747,3.592816183809191,3.3755326909013093,,3.581246373,,,4.503359887748957,3.8777278824709356,4.306802362203598,,,3.4417113214731216,,3.9006947223097086,4.770096379797906,,,,3.607592803891748,,,,,3.9127655336633325,4.180347767658532,4.088079544715583
tt_5.2h,,2.409188244957477,,,4.396144107,3.551934457849711,3.5802261088974774,3.360545285977423,,3.561576485168189,,,4.458244108594954,3.8830982143990695,4.341572513338178,,,3.440523201599717,,3.880054540000856,4.770096379797906,,,,3.5924380207434297,,,,,3.901306967716664,4.167245431803167,4.077905404381454
tt_5.3h,,2.3936616382561624,,,4.367226000409573,3.538016946054995,3.567972162,3.3459771326743066,,3.5438858079724014,,,4.507933583,3.8644168726168573,4.295273403,,,3.439351913984865,,3.8600985119119287,4.771518478170037,,,,3.596771319862455,,,,,3.889930799603462,4.154158995952457,4.067866325844079
tt_5.4h,,2.389776386320591,,,4.400582132861018,3.5246620471589267,3.5560278822667897,3.331634179223329,,3.567947484087199,,,4.462757932022214,3.846718031913042,4.295273403,,,3.4381976574659348,,3.883711779024452,4.7662577629089355,,,,3.5815254715271294,,,,,3.878760036546737,4.141217292286456,4.057980748824775
tt_5.5h,,2.3857315969653428,,,4.371618956327438,3.511529177427292,3.544257814064622,3.3176223724149168,,3.5501064057461917,,,4.4202923574484885,3.8288381565362215,4.2998117646202445,,,3.4370603021234274,,3.863781884778291,4.761039814,,,,3.5670316382311285,,,,,3.8680103588849306,4.128598852548748,4.0482692597433925
tt_5.6h,,2.390309945680201,,,4.344709778670222,3.498482868075371,3.532795128878206,3.3037742455489933,,3.532479332294315,,,4.467291180975735,3.811858176253736,4.256046472117305,,,3.4359406544826925,,3.844300021417439,4.751609437633306,,,,3.552353304810822,,,,,3.857525628991425,4.116102255880833,4.038677460514009
tt_5.7h,,2.3863396076485515,,,4.359910672530532,3.485983120277524,3.521518711000681,3.2901690071448684,,3.5161001146771014,,,4.424782843329012,3.8341936920769513,4.304359733592719,,,3.434830184560269,,3.825181902386248,4.746441797818989,,,,3.538353501353413,,,,,3.8471162393689156,4.104257350321859,4.029243830125779
tt_5.8h,,2.3821532311849296,,,4.333008173387498,3.473446983844042,3.5105799632146955,3.276730427518487,,3.522024199832231,,,4.4557260274887085,3.8172128084115684,4.260634179692715,,,3.433723619673401,,3.8480029865168035,4.741318521555513,,,,3.524350701831281,,,,,3.8368088114075363,4.120293613523245,4.019922111183405
tt_5.9h,,2.3780921986326575,,,4.306586489547044,3.461296611931175,3.4997560647316277,3.2635133280418813,,3.522024199832231,,,4.413159740623087,3.800882393028587,4.218579284,,,3.4326215349137783,,3.828901348169893,4.736248577013612,,,,3.511020624,,,,,3.8266536435112357,4.108470164705068,4.010752870235592
tt_6.0h,,2.3827736554667354,,,4.337389183696359,3.449268075171858,3.489345693960786,3.2505720197223127,,3.5060795578174293,,,4.373579803388566,3.784213436767459,4.2652138117700815,,,3.431526707019657,,3.8101996099576354,4.742860478,,,,3.497482276521623,,,,,3.816666985861957,4.0966230649501085,4.001691029872745
tt_6.1h,,2.3786475262604654,,,4.310950885992497,3.4531268374994397,3.4790131645277143,3.2379259704612195,,3.491120100952685,,,4.417656578589231,3.768573545385152,4.223174622282386,,,3.430440552532673,,3.7919995868578553,4.737831632141024,,,,3.4845710853114724,,,,,3.807230165693909,4.084969421848655,3.9927546735852957
tt_6.2h,,2.374525982886553,,,4.285280704,3.4413153366185725,3.4691084339283407,3.2130213771015406,,3.476835135370493,,,4.378034439869225,3.752880359068513,4.211678908672184,,,3.418423732277006,,3.7957510170526803,4.732862253207713,,,,3.4717500121332705,,,,,3.7978377318941057,4.073413711506873,3.995972397737205
tt_6.3h,,2.3791858395561576,,,4.3153175613842905,3.4413153366185725,3.4592663813382387,3.2008531843312085,,3.496671728324145,,,4.422154936473817,3.758234027773142,4.211678908672184,,,3.4172994093969464,,3.7957510170526803,4.734471468720585,,,,3.4760841843672097,,,,,3.7885244195349514,4.062074174638838,3.987173397
tt_6.4h,,2.375073121394962,,,4.2896324237808585,3.429822731297463,3.449747253675014,3.1888686628080904,,3.482343797106296,,,4.382477362174541,3.758234027773142,4.171390101779252,,,3.4161859611049294,,3.7780056204646826,4.734471468720585,,,,3.4636105210520327,,,,,3.779255021829158,4.051285018213093,3.9785167649388313
tt_6.5h,,2.370906764641404,,,4.264783734455705,3.418474657461047,3.4402906019240618,3.1771834194660187,,3.468337044585496,,,4.386935587506741,3.7431370518170297,4.176024449523538,,,3.4150862521491945,,3.760797247,4.729586933739483,,,,3.451275492552668,,,,,3.7702401862479746,4.040573414415121,3.969958317000419
tt_6.6h,,2.3554143849760294,,,4.269147942773998,3.4075241521932185,3.4310765536502004,3.1656110705807805,,3.455332108773291,,,4.386935587506741,3.728156678378582,4.176024449523538,,,3.4150862521491945,,3.743917773012072,4.724756217561662,,,,3.451275492552668,,,,,3.7612615851685405,4.028669358231127,3.9615157418884337
tt_6.7h,,2.3554143849760294,,,4.269147942773998,3.3965910128317773,3.421934415,3.1542278132401407,,3.444500660058111,,,4.349322814960033,3.7134470413438976,4.137811349704862,,,3.414013498928398,,3.7316050943918526,4.726428650319576,,,,3.439189329277724,,,,,3.7528553511947393,4.017938251141459,3.9532110136933625
tt_6.8h,,2.351170285604894,,,4.257385677,3.3858509003184736,3.4129514396190643,3.142922987230122,,3.444500660058111,,,4.337639807,3.6993778641335666,4.142447543330491,,,3.4129423880949616,,3.7316050943918526,4.726428650319576,,,,3.427469091,,,,,3.7443170994520187,4.007376857101917,3.9449961786158383
tt_6.9h,,2.351844609249383,,,4.234373096842319,3.3752597416751087,3.4041935428977013,3.131834283005446,,3.4317903257906437,,,4.337639807,3.6885807779617608,4.142447543330491,,,3.411885170266032,,3.71510062,4.721688863355666,,,,3.415654495358467,,,,,3.7359074847772717,3.997003457,3.9369150144048035
tt_7.0h,,2.3475904096849263,,,4.234373096842319,3.362949662376195,3.3955047829076648,3.1210086536593735,,3.4197711823508143,,,4.342062066774815,3.674813400954008,4.147096699569374,,,3.410843743942678,,3.698952636681497,4.707281388808042,,,,3.4044248815625906,,,,,3.7275709407404065,3.997003457,3.9289198317565024
tt_7.1h,,2.3475904096849263,,,4.238728884141892,3.3526418595574796,3.387072489131242,3.1102707688696682,,3.425023610237986,,,4.342062066774815,3.674813400954008,4.147096699569374,,,3.409817421808839,,3.702766108326614,4.702630807179958,,,,3.3930401960387826,,,,,3.7194224218837917,3.9871185277588665,3.9210545415990055
tt_7.2h,,2.343443659134209,,,4.215687464457005,3.3424619124270976,3.3787645678967237,3.099636913277209,,3.413225306198001,,,4.305901390966028,3.6611578380689025,4.110126477200538,,,3.4088058806955814,,3.687249352,4.702630807179958,,,,3.3821257315576077,,,,,3.7113398667424917,3.9773803018033504,3.9132714509032667
tt_7.3h,,2.3439806615933776,,,4.215687464457005,3.3322539697401226,3.370722858,3.089117336086929,,3.413225306198001,,,4.310289124026895,3.6478580590337515,4.098691945,,,3.407809716183692,,3.687249352,4.698040153365582,,,,3.371198816690594,,,,,3.7036581709980965,3.9675563336350024,3.9056147835217416
tt_7.4h,,2.339806590229273,,,4.220032713375986,3.322451161686331,3.362635391,3.0788325797766447,,3.4020936461165547,,,4.310289124026895,3.6531558916904032,4.098691945,,,3.4068305557593703,,3.6716982615180314,4.699798296671361,,,,3.3756020362488925,,,,,3.696037646383047,3.957940232474357,3.9056147835217416
tt_7.5h,,2.339806590229273,,,4.197508865,3.322451161686331,3.3547642384655774,3.0687643568962812,,3.406984081491828,,,4.314677821472287,3.6398375993594527,4.103353646583855,,,3.4058673130348325,,3.6755210272967815,4.695296662393957,,,,3.3650109032168984,,,,,3.688453033566475,3.9621271486394107,3.898058441467583
tt_7.6h,,2.340413631,,,4.197508865,3.3127245237119496,3.359140512533486,3.0587287358939648,,3.3958359020762146,,,4.280957626178861,3.6274092765524983,4.067341331858188,,,3.404919627122581,,3.6607226030901074,4.695296662393957,,,,3.3544015414081514,,,,,3.6808848567306995,3.9527297746390104,3.890578188467771
tt_7.7h,,2.336214806418866,,,4.2018201486207545,3.303210216574371,3.3514018515124917,3.0488576190546155,,3.3854397828690708,,,4.302949585486203,3.6146727562882006,4.067341331858188,,,3.4085891717113554,,3.6457840595394373,4.697085230145603,,,,3.344267758075148,,,,,3.6735160192474723,3.9437082619406283,3.8832123475149274
tt_7.8h,,2.336214806418866,,,4.1804244932718575,3.3070414387620986,3.343725594691932,3.0391183672472835,,3.3854397828690708,,,4.269019403029233,3.6146727562882006,4.072021694388241,,,3.407636377494782,,3.6457840595394373,4.692679936,,,,3.3342971741221845,,,,,3.6661628345027566,3.9345232527703047,3.875918594188988
tt_7.9h,,2.3207209478132427,,,4.1804244932718575,3.2976031871512532,3.3362147072330117,3.029588159173727,,3.390172340441495,,,4.269019403029233,3.6025663930922747,4.037993779,,,3.4067061082459986,,3.649629363324493,4.688331298530102,,,,3.324332312680781,,,,,3.6589343450032175,3.9254485233686864,3.868736233562231
tt_8.0h,,2.316532415803522,,,4.168622462078929,3.2884509954601526,3.3288168171420693,3.0200902419164777,,3.379797802772373,,,4.273376680910587,3.607810785,4.076673720497638,,,3.4057977381162345,,3.635436076205224,4.688331298530102,,,,3.314615977462381,,,,,3.663847042247653,3.916599194519222,3.8616224927827716
tt_8.1h,,2.312314298003912,,,4.147803449071944,3.279228760395199,3.3216908406466246,3.0107486406341195,,3.3701600059866905,,,4.2408400871790946,3.5957184960134327,4.0426696366630495,,,3.4049100312404335,,3.6212959429249167,4.6901880209334195,,,,3.3050716617144644,,,,,3.6569924033246934,3.9080793783068657,3.854617771692574
tt_8.2h,,2.312314298003912,,,4.147803449071944,3.270305758807808,3.314521756954491,3.0015269881114364,,3.360495142173022,,,4.277733773458749,3.5842256606556475,4.009213008917868,,,3.4040426374413073,,3.607637856621295,4.685940800700337,,,,3.2955493847839534,,,,,3.650013784877956,3.9080793783068657,3.847677771933377
tt_8.3h,,2.3129553725011647,,,4.1521040089428425,3.2613876587711275,3.307519728783518,2.992429877165705,,3.358651244081557,,,4.245167306,3.572627113200724,4.031254338100553,,,3.4031966268084943,,3.609043149743229,4.681741649284959,,,,3.2955493847839534,,,,,3.6433523716405034,3.9122350057587028,3.8349561584182084
tt_8.4h,,2.3088300907984376,,,4.131772248074412,3.2527508097700775,3.300579390488565,2.9835076285526156,,3.348858035635203,,,4.245167306,3.5611779685132205,3.997799338772893,,,3.402370583,,3.595400150399655,4.671714212279767,,,,3.283970824908465,,,,,3.6365665877237916,3.9037758274935186,3.8281071237288415
tt_8.5h,,2.304658144246787,,,4.156432838,3.2441585399210453,3.2936968985013664,2.974667254835367,,3.339810042642057,,,4.249494110234082,3.5611779685132205,3.965966013725847,,,3.4015641370788217,,3.582064575050026,4.667559113353491,,,,3.2746829413808882,,,,,3.6298962058499455,3.8953366526402533,3.8213623333722353
tt_8.6h,,2.309393071103841,,,4.136072971392423,3.235611171461642,3.286991338711232,2.9658605782315135,,3.3306144699454308,,,4.217855074908584,3.5663296370767057,4.002504833,,,3.4007763285189867,,3.5687741516157985,4.663451537955552,,,,3.265684919897467,,,,,3.623298270162195,3.8870395882986486,3.8146782806143165
tt_8.7h,,2.305286608170718,,,4.116186715196818,3.247979612555355,3.280394430272281,2.957215023227036,,3.335020923987031,,,4.237704297993332,3.555606370791793,3.970695860683918,,,3.4000071035698056,,3.585937227588147,4.659398617222905,,,,3.2567014968954027,,,,,3.6168799423612654,3.8787604314275086,3.8080970742739737
tt_8.8h,,2.301111823413521,,,4.120487917214632,3.2394893877208233,3.2739826114848256,2.9487918238155544,,3.335020923987031,,,4.206036859191954,3.544539007358253,4.007206569,,,3.399256803561002,,3.5726531771942973,4.6653987797908485,,,,3.248052499257028,,,,,3.610484069213271,3.8708179080858827,3.8015939095057547
tt_8.9h,,2.3058932940475643,,,4.120487917214632,3.231186513788998,3.267491288483143,2.9403902515769005,,3.3263909285888076,,,4.210343432147056,3.534009468741715,3.9754218934103847,,,3.398524474352598,,3.559716916177422,4.661381174810231,,,,3.2393845967017114,,,,,3.604157362598926,3.8629597113467753,3.795149573124945
tt_9.0h,,2.301769732,,,4.101747361011803,3.2229167385958135,3.261170671787113,2.932095756754279,,3.3176538981497288,,,4.210343432147056,3.5234620925039053,3.944605914875865,,,3.3978232704102993,,3.546920441556722,4.657417494338006,,,,3.2309175692498684,,,,,3.5981811992824078,3.8552279393188655,3.7888020160607994
tt_9.1h,,2.297630663495511,,,4.089945328887552,3.2148728878237307,3.2549357530660927,2.923861341085285,,3.3094945587217808,,,4.180716347,3.512535749,3.9801243566907942,,,3.397126368712634,,3.5508131701499224,4.6594243622384965,,,,3.222529102116823,,,,,3.592167541384697,3.8592835627496243,3.7825094661675394
tt_9.2h,,2.2821497581899166,,,4.089945328887552,3.206826163921505,3.248715986,2.9077888410538435,,3.322076853364706,,,4.214660732541233,3.512535749,3.9493314339779317,,,3.4005656489171088,,3.5508131701499224,4.6594243622384965,,,,3.2142789899371564,,,,,3.5862770355306566,3.851520303171128,3.7763132015243173
tt_9.3h,,2.2821497581899166,,,4.071355809923261,3.1990418508648872,3.2367645651102066,2.899919605348259,,3.313862251583487,,,4.185016623698175,3.502437780611217,3.938061125110835,,,3.3998656729236245,,3.5385392387397587,4.655547832604498,,,,3.2062029070220888,,,,,3.580364276189357,3.851520303171128,3.7701889839954674
tt_9.4h,,2.278007532004267,,,4.0755290179513395,3.191259206738323,3.2308559673838317,2.892105395440012,,3.305634300224483,,,4.189314422663301,3.492309669032693,3.938061125110835,,,3.399182715918869,,3.5261707473546267,4.651731356512755,,,,3.210749648977071,,,,,3.574508794117719,3.843903210014105,3.7641174788586795
tt_9.5h,,2.2739119175821543,,,4.0755290179513395,3.183596607297659,3.2250751331448555,2.884379461,,3.297741777729243,,,4.189314422663301,3.4824364711530507,3.908149863127619,,,3.3985160789452493,,3.514432918280363,4.653795145,,,,3.202675129286945,,,,,3.5688087646849453,3.8365278616547585,3.7581374715082347
tt_9.6h,,2.2745825396850705,,,4.057129078079015,3.187456004321575,3.219300901517272,2.8768185218796134,,3.302014861255884,,,4.160420047,3.4727070201188326,3.912902519106865,,,3.3978847241960466,,3.5183350718580186,4.653795145,,,,3.1949518523178995,,,,,3.5631246753036976,3.829226778820157,3.752205851022154
tt_9.7h,,2.2745825396850705,,,4.061457664705813,3.179939483292401,3.2137660165317357,2.869313811417669,,3.302014861255884,,,4.148621128406376,3.477875172160566,3.912902519106865,,,3.3972616964019835,,3.5183350718580186,4.650055831763893,,,,3.1871836157515645,,,,,3.5574947288259864,3.822101620025933,3.746366342995316
tt_9.8h,,2.270475679077208,,,4.061457664705813,3.1725482451729476,3.2081902022473514,2.8618710837326944,,3.294258473906666,,,4.148621128406376,3.4682066533714533,3.917627500370145,,,3.3966587488539517,,3.506634760182351,4.636038178112358,,,,3.179688532371074,,,,,3.5519583919085562,3.814862107858062,3.7405934389680624
tt_9.9h,,2.2711531301029027,,,4.0440853061154485,3.1651599733158946,3.202647328,2.854498986620456,,3.2867282116785645,,,4.152936826925725,3.4590135775506496,3.8889067326672375,,,3.3966587488539517,,3.495124400127679,4.632383214,,,,3.179688532371074,,,,,3.5464929854497313,3.802903605159372,3.734866439830512
tt_10.0h,,2.267060383222997,,,4.048392035,3.1651599733158946,3.197250851429999,2.847299997229129,,3.274755824357271,,,4.152936826925725,3.4590135775506496,3.8889067326672375,,,3.3960747802630067,,3.482924521435052,4.632383214,,,,3.1721606296487153,,,,,3.5410787728615105,3.7957546897232533,3.7292278348468244
tt_10.1h,,2.267060383222997,,,4.048392035,3.157949643675238,3.191901189275086,2.8400910208001733,,3.267418544739485,,,4.157250157557428,3.449808020144701,3.8936641216278076,,,3.3955105883069336,,3.4716124776750803,4.634495045058429,,,,3.164763657,,,,,3.5357545847073197,3.7887786948122084,3.7236526366323233
tt_10.2h,,2.267688504420221,,,4.036595068406314,3.1507882508449256,3.1866376735270023,2.833019365090877,,3.267418544739485,,,4.130234990734607,3.4408236583694816,3.865450356621295,,,3.3949646539986134,,3.4716124776750803,4.630924927536398,,,,3.157497487962246,,,,,3.530498370528221,3.782149224,3.718121179845184
tt_10.3h,,2.263677140697837,,,4.019345528446138,3.1438199812546372,3.1814505849033594,2.826001500710845,,3.2601495631970465,,,4.130234990734607,3.445965453982353,3.865450356621295,,,3.394436276052147,,3.460495203267783,4.627406564,,,,3.150311905890703,,,,,3.5201690145768225,3.7753971805796027,3.7215712177567184
tt_10.4h,,2.263677140697837,,,4.019345528446138,3.1315426975488663,3.1762899048626423,2.819131497759372,,3.2641793191432953,,,4.134557074867189,3.4370300699956715,3.854116164147854,,,3.3939249953255057,,3.464393500238657,4.627406564,,,,3.1433963221497834,,,,,3.5152179687283933,3.7687835707329214,3.716107238549739
tt_10.5h,,2.2482342892326415,,,4.023648885078728,3.124518016818911,3.1711883707903326,2.8122947616502643,,3.257189890835434,,,4.134557074867189,3.428359898738563,3.854116164147854,,,3.393430029042065,,3.4534620884805918,4.6295747784897685,,,,3.1479805456474423,,,,,3.5103102196007967,3.7687835707329214,3.710725275799632
tt_10.6h,,2.2442158982157707,,,4.006546743679792,3.1177411335520446,3.166238478384912,2.8055257871747017,,3.2502684299834073,,,4.122772535774857,3.419780128635466,3.858878984581679,,,3.392950343899429,,3.4426520480774343,4.626138608,,,,3.14101778,,,,,3.5054863952100277,3.762119577731937,3.705403322353959
tt_10.7h,,2.240209047216922,,,4.006546743679792,3.1109579391777515,3.1612873268313706,2.7988107833079994,,3.2502684299834073,,,4.095779068302363,3.419780128635466,3.8318582545034587,,,3.392486523,,3.4426520480774343,4.622752206865698,,,,3.1342213745228946,,,,,3.5007232860662043,3.755557017400861,3.7001228942535818
tt_10.8h,,2.240209047216922,,,4.010758798569441,3.104237556923181,3.1563915512524545,2.792229397688061,,3.254293814767152,,,4.095779068302363,3.424898984376341,3.8318582545034587,,,3.3958729468286037,,3.4465520111843944,4.628330529201776,,,,3.1274979594163597,,,,,3.495969159062952,3.7595981881022453,3.6949218618683517
tt_10.9h,,2.2408338198438287,,,3.9946710746735334,3.0976527528837323,3.151566578540951,2.785686193034053,,3.2475346932187676,,,4.100107969,3.416531725320965,3.8366136476397514,,,3.395416935440153,,3.436260560993105,4.624975114129484,,,,3.120883370283991,,,,,3.4912577639333904,3.7532199500128627,3.6897779451683164
tt_11.0h,,2.236849397420883,,,3.9786335271783173,3.0911217592656612,3.146862247493118,2.7792492448352277,,3.240768347866833,,,4.074645403,3.408282852731645,3.8104316536337137,,,3.394975399132818,,3.4259317251853645,4.621675643604249,,,,3.11436779,,,,,3.486625386867672,3.7470562155358493,3.6846729116514325
tt_11.1h,,2.2329211398027837,,,3.9989718282595277,3.0847311043180525,3.1421869350597262,2.7728313500992954,,3.234379935543984,,,4.104447306599468,3.4001154033467174,3.841382655315101,,,3.394548546988517,,3.4158820742741227,4.621675643604249,,,,3.107955220621079,,,,,3.482050161343068,3.740778533741832,3.679645126219839
tt_11.2h,,2.2375342552550137,,,3.982799565885216,3.0847311043180525,3.1375128207728267,2.7665149248205125,,3.2448434052057564,,,4.078792377840728,3.3923314651474357,3.815218317322433,,,3.3941352893598378,,3.4298413158394396,4.607809606008232,,,,3.1017757076770067,,,,,3.477513052057475,3.734656951855868,3.6746718189679086
tt_11.3h,,2.2335971356369555,,,3.9671825733967125,3.0886127976700664,3.133002678398043,2.760275563,,3.2383509534411132,,,4.108784421812743,3.384326201863587,3.789307695813477,,,3.393735224381089,,3.419795114081353,4.6045883083716035,,,,3.0954767214134336,,,,,3.473052886,3.7285772073082626,3.669734389986843
tt_11.4h,,2.2296755141578615,,,3.9709968557581306,3.0822286950424314,3.1284705600701272,2.7540926663205028,,3.2319637136533856,,,4.083129436708987,3.381292321253568,3.8038763436488807,,,3.393347531091422,,3.4097457895986736,4.601407639216632,,,,3.089414635207504,,,,,3.468644150067121,3.7225168920122087,3.6648737443611026
tt_11.5h,,2.2342686518095434,,,3.9553813645616174,3.075986883137375,3.1239765896461904,2.7479487168602645,,3.225751318,,,4.058341188,3.373320637270808,3.778079881798476,,,3.392972851637751,,3.3999945037066936,4.60684867,,,,3.094015418086201,,,,,3.464293051045388,3.7165074213407934,3.6600662055425346
tt_11.6h,,2.230363665148616,,,3.9403607165440917,3.069778010714799,3.1195482034236193,2.7419305541552603,,3.2136151962913573,,,4.071372812148184,3.3657346637919545,3.7535731620155275,,,3.3926115301437676,,3.397627609781921,4.603703925,,,,3.094015418086201,,,,,3.4599780249409378,3.7266238229349256,3.6552916723303497
tt_11.7h,,2.226469083223492,,,3.959683684166521,3.0636740187183022,3.1152969049289823,2.7359405369497836,,3.2136151962913573,,,4.0465731071308255,3.358210874721408,3.7828673273324966,,,3.392263083253056,,3.387879291549325,4.600599116645753,,,,3.087967383209616,,,,,3.455736284609884,3.7206311714835465,3.650593234691769
tt_11.8h,,2.2226148201152682,,,3.9446647595614195,3.0575981261208653,3.110967630520463,2.730024040210992,,3.207521164789796,,,4.050919352099299,3.3507807073183358,3.7583741056732833,,,3.3919276352971792,,3.3782504107803106,4.597540378570557,,,,3.0820581391453743,,,,,3.4515936905518174,3.7148831645026803,3.645945598836988
tt_11.9h,,2.2111056111752987,,,3.9489922909997404,3.0516595733352005,3.106658883392811,2.724134980235249,,3.2013763920404017,,,4.050919352099299,3.3433943553827703,3.763166445773095,,,3.391604809090495,,3.3687965418212116,4.602916492149234,,,,3.0762394974008203,,,,,3.447454592678696,3.7091719298623502,3.641348509117961
tt_12.0h,,2.207216045819223,,,3.9489922909997404,3.0457560950890183,3.102529702708125,2.718344446271658,,3.1954671600833535,,,4.0268876096233726,3.348474104888737,3.763166445773095,,,3.391294018831104,,3.3727435180917382,4.599885908421129,,,,3.0705024525523186,,,,,3.4523309520445764,3.7035029507242143,3.6367839304730296
tt_12.1h,,2.203357623424381,,,3.933664621319622,3.0399447986856103,3.0983799025416374,2.7126353257335722,,3.2052460182458162,,,4.055275792721659,3.348474104888737,3.7390715149231255,,,3.390994815621525,,3.3727435180917382,4.596900674,,,,3.0648396094329655,,,,,3.448241858743131,3.697826051618904,3.6322902366518974
tt_12.2h,,2.2040600487962365,,,3.937970757484436,3.0438303486444056,3.094267721287906,2.7069384176284075,,3.199320661,,,4.0312333246693015,3.341387329623103,3.767950502689928,,,3.3907066145911813,,3.3635078463703394,4.599266373086721,,,,3.059200751595199,,,,,3.4441854432225227,3.692213237285614,3.6278446367941797
tt_12.3h,,2.2040600487962365,,,3.937970757484436,3.038030077703297,3.090277868323028,2.695733893,,3.193380367010832,,,4.035588927101344,3.3342920150607824,3.743868796620518,,,3.3780025825835764,,3.3543382952921093,4.599266373086721,,,,3.053691162262112,,,,,3.4401989625766873,3.686691978480667,3.6234271097928286
tt_12.4h,,2.2002922603860497,,,3.9236020329408348,3.032409925945103,3.086260264273733,2.690225390717387,,3.1876557669602334,,,4.035588927101344,3.327373356,3.7325538410805166,,,3.3777219830080867,,3.3582533109001815,4.596353338100016,,,,3.0482396432198584,,,,,3.4362609097734094,3.690801631193608,3.626926873344928
tt_12.5h,,2.2010555677115917,,,3.9118057657033205,3.032409925945103,3.082306522410363,2.6847543781623244,,3.191521281376481,,,4.023850606288761,3.3324397378601134,3.7325538410805166,,,3.3774521653540432,,3.3491882043890655,4.593480126932263,,,,3.0429046931676567,,,,,3.4323708219453692,3.685301656834781,3.6225609215907753
tt_12.6h,,2.2010555677115917,,,3.9118057657033205,3.026745700277388,3.078452489338815,2.6793264956213534,,3.191521281376481,,,4.023850606288761,3.3255745503120124,3.7089561163447797,,,3.3771924576722085,,3.3491882043890655,4.579775559715927,,,,3.0314714652486145,,,,,3.4285108661279082,3.680024331435561,3.6182650132104754
tt_12.7h,,2.197313063777983,,,3.897359012,3.021206204313785,3.0745901549234986,2.6740064593032002,,3.185920051764697,,,4.0003965282812715,3.318833314348012,3.713750535156578,,,3.3769423882476985,,3.340287158731371,4.579775559715927,,,,3.026185068767518,,,,,3.424718739464879,3.6748512908816338,3.614014477469027
tt_12.8h,,2.1980583644472063,,,3.901670113671571,3.015735191758722,3.0707531557418406,2.668701049,,3.1803452353924513,,,4.004762425553054,3.318833314348012,3.713750535156578,,,3.376701739616692,,3.3315457585267723,4.576963895466179,,,,3.0209256899543107,,,,,3.420973414555192,3.6748512908816338,3.6098090051673353
tt_12.9h,,2.194324402138591,,,3.901670113671571,3.0103103197179735,3.067056709434837,2.663451429,,3.184192304033786,,,4.004762425553054,3.3122294428758323,3.718537586275488,,,3.376470163464546,,3.3354770680889487,4.579365718,,,,3.0157771166414022,,,,,3.4172739228233695,3.669674207,3.605630564969033
tt_13.0h,,2.194324402138591,,,3.887476092670113,3.0141551760025322,3.0633049877360463,2.658223072066903,,3.178781893104315,,,4.009138715453446,3.3056882470846176,3.6956735593266785,,,3.3762473724782467,,3.3269069022499025,4.576614668127149,,,,3.0106744645163417,,,,,3.413601175416261,3.6644918830133975,3.6015185327269137
tt_13.1h,,2.19063738,,,3.891789721790701,3.008767962921411,3.059605261310935,2.6531202257610857,,3.178781893104315,,,3.9867426422424614,3.310738943051547,3.6956735593266785,,,3.3760332469828427,,3.3269069022499025,4.576614668127149,,,,3.005705903749913,,,,,3.4099939595907927,3.6593689545989037,3.597449392080307
tt_13.2h,,2.1753182262182236,,,3.878306768834591,3.0035193618386984,3.0560087459161878,2.6480231075547636,,3.173358544241637,,,3.9867426422424614,3.3043187563307583,3.7004661769606173,,,3.3760332469828427,,3.318503619171679,4.573901586700231,,,,3.005705903749913,,,,,3.4064310044050217,3.6473001362755895,3.5934234969317913
tt_13.3h,,2.1716840849258006,,,3.878306768834591,2.9982997504994273,3.0524012008681893,2.6429570987820625,,3.161033183801919,,,3.991115336306393,3.297905829269439,3.6782407290302217,,,3.375827412120998,,3.3064467175863683,4.576326651033014,,,,3.0007801232859492,,,,,3.402865900658071,3.6422809553332627,3.589423438999802
tt_13.4h,,2.1716840849258006,,,3.882646451238543,2.993107401765883,3.048874775879085,2.637920125387609,,3.155743856,,,3.991115336306393,3.291876404,3.6782407290302217,,,3.3756295829080045,,3.2981633129529655,4.573672388680279,,,,2.9958460186608136,,,,,3.399389384314418,3.6372580863535404,3.585488063748926
tt_13.5h,,2.1724318312481046,,,3.8691507410258055,2.9879869311116636,3.0453796344809234,2.633010103367269,,3.1505241505801678,,,3.9793739723972976,3.291876404,3.6671387692913413,,,3.375439492519945,,3.2897904659621418,4.573672388680279,,,,2.9910734626464546,,,,,3.395938068,3.6323148203082383,3.5815945956856012
tt_13.6h,,2.1688752244226635,,,3.8708602231927216,2.9829461071640253,3.041901015676558,2.628081801813096,,3.1505241505801678,,,3.957272833,3.285649435594678,3.6456334623508155,,,3.375256982,,3.2897904659621418,4.576099203899503,,,,2.9956603944301605,,,,,3.3925487981177866,3.627427388448268,3.5777425933629274
tt_13.7h,,2.1653173388913274,,,3.8573652668856084,2.9829461071640253,3.0385074159130454,2.6231604632921517,,3.1543152052909136,,,3.9836332015693188,3.2746571861207485,3.671911906450987,,,3.3750819312408566,,3.293744012247771,4.573509498033673,,,,2.990872850175947,,,,,3.3892011647112668,3.6225759354420006,3.5739136547781527
tt_13.8h,,2.169695121701807,,,3.844247978646308,2.9779479866847396,3.0351326754316688,2.618359406478703,,3.149234699085355,,,3.9616303690709174,3.268758331425488,3.6504377429373562,,,3.378535828087479,,3.2857094421051443,4.570949021726847,,,,2.986196219921112,,,,,3.385892511345446,3.617802861146629,3.570148258469999
tt_13.9h,,2.1661539589986205,,,3.8616820881143212,2.9657210102304816,3.028481687884778,2.6135862399823964,,3.1442477144300938,,,3.9406483247876167,3.2627557176165283,3.6504377429373562,,,3.378366252873093,,3.2777520096860826,4.570949021726847,,,,2.9815760175697505,,,,,3.3826263030059636,3.617802861146629,3.5664227176457644
tt_14.0h,,2.1626339526847005,,,3.848470898810774,2.960770715493709,3.0251912935636938,2.608796985819936,,3.1392541443929076,,,3.966004196,3.256973664276302,3.6552365627139807,,,3.3782037212513387,,3.2699973452836275,4.5572935324162245,,,,2.976969946641475,,,,,3.379383447114378,3.6132433963939548,3.562736186
tt_14.1h,,2.1626339526847005,,,3.8358415188267827,2.9558959784917533,3.0219602617435157,2.6040778812021017,,3.148020857013762,,,3.945015332195908,3.2512186719104648,3.633971689734608,,,3.3780479594133794,,3.281753550283611,4.554788603447378,,,,2.972474765,,,,,3.376199670601636,3.6173409591428936,3.5590893290936947
tt_14.2h,,2.163456424,,,3.852810651063919,2.951035447884351,3.018782172817737,2.5994501216337085,,3.143020755145699,,,3.9703812832012773,3.261995668988675,3.6600101864896715,,,3.377898609265685,,3.273942783009261,4.552319252397865,,,,2.968038481194526,,,,,3.373055293224752,3.6127545251511037,3.5554657499305904
tt_14.3h,,2.1599987130612135,,,3.840159627608955,2.9462885493412614,3.0156399537809193,2.5948229101486504,,3.1381403487175703,,,3.9492168654687703,3.256220164708793,3.638776335399598,,,3.3777554598636925,,3.2663207170553505,4.5572390030138195,,,,2.9636658681556582,,,,,3.3699495806358755,3.6082199015654624,3.551900260616094
tt_14.4h,,2.1565189342945814,,,3.827401578426361,2.9415312758646905,3.012534638866782,2.590207306202501,,3.133338709361851,,,3.928536742925644,3.2506386949680746,3.618288611061871,,,3.377618366,,3.25871171,4.5547887878492475,,,,2.9593587522394955,,,,,3.366882147733122,3.6036814847029746,3.5483716782182455
tt_14.5h,,2.1447356529533863,,,3.844475945457816,2.936944492161274,3.0094254817813635,2.585680385120213,,3.1370806735940278,,,3.9373779660090804,3.245063472073525,3.6274453387595713,,,3.377487068530172,,3.2702277852222323,4.552373299840838,,,,2.9550578561611474,,,,,3.363835609983653,3.5992162665352225,3.551891010720283
tt_14.6h,,2.1412758152000606,,,3.8317188578657806,2.932307079900056,3.0063842022791505,2.581206674221903,,3.1370806735940278,,,3.9167888178490102,3.2395810652524233,3.6069820756092668,,,3.377361380495131,,3.2625983711332083,4.549992388114333,,,,2.950823502149433,,,,,3.3608465204015374,3.594842123799026,3.5484026428312063
tt_14.7h,,2.1378788808360696,,,3.819438328500837,2.9277716651558876,3.0033774417825043,2.5767357437871397,,3.1323917116969824,,,3.9417560789734125,3.2342327926307917,3.611748654861003,,,3.377241177484393,,3.255088215,4.554844165686518,,,,2.9553888677619398,,,,,3.357894857414067,3.5904979943297803,3.5484026428312063
tt_14.8h,,2.1387671628035605,,,3.8199539543129504,2.9316490283235908,3.000398321542889,2.572320834733546,,3.1277479655109346,,,3.921161782927811,3.2392205358482897,3.611748654861003,,,3.3771261647343636,,3.2476235418580472,4.5524818655103445,,,,2.9553888677619398,,,,,3.354979293420911,3.586189300753176,3.544951177202165
tt_14.9h,,2.1387671628035605,,,3.8076523286290467,2.9316490283235908,2.997475367039442,2.5679828892461956,,3.1154205319471657,,,3.901209802366793,3.2392205358482897,3.591642896,,,3.3770161624997854,,3.2354596271179616,4.550152009353042,,,,2.951241654343903,,,,,3.3520990652032197,3.5902986088767648,3.541518911253661
tt_15.0h,,2.1354340412653983,,,3.7954742605797946,2.9271534928120673,2.994548046030104,2.563663228880614,,3.1154205319471657,,,3.925539319869131,3.2338930051773787,3.5964217106811702,,,3.3769110357388854,,3.2354596271179616,4.5526348617859185,,,,2.9471588036976755,,,,,3.349236389156431,3.586082525551319,3.538144441321492
tt_15.1h,,2.136347819585353,,,3.8119688080623746,2.922714506741613,2.998643294442445,2.5593625786714256,,3.1108070169575512,,,3.905576540157199,3.2287381440401077,3.5964217106811702,,,3.376810588873923,,3.2282670410349965,4.5526348617859185,,,,2.9431199966929853,,,,,3.346428955439478,3.586082525551319,3.534804993774742
tt_15.2h,,2.136347819585353,,,3.7997918846085668,2.918308427557349,2.995749171357602,2.555127955507487,,3.1063007339835167,,,3.909940937999636,3.223555932752788,3.576409586239606,,,3.3767147003673017,,3.221110096666962,4.550343900918961,,,,2.9391072443686426,,,,,3.3436560765840113,3.5818758965469897,3.5315005336888134
tt_15.3h,,2.1330595654435456,,,3.8041316834278405,2.913970598950982,2.992912905756384,2.5468224240466952,,3.101851881016046,,,3.909940937999636,3.2185257617384195,3.581264305394143,,,3.3802361050620675,,3.225081189069897,4.548079541418701,,,,2.935172583,,,,,3.3409174238331616,3.577717899810523,3.5282315788790584
tt_15.4h,,2.1297675417736173,,,3.7922089071944356,2.9096558559685946,2.990086832549423,2.5426941625773907,,3.1055908985435963,,,3.8981862403452396,3.223498879931867,3.581264305394143,,,3.3801436508074403,,3.218033580109477,4.534457957372069,,,,2.931321268901229,,,,,3.338212217669934,3.573590240906924,3.524981269147247
tt_15.5h,,2.1307136453688145,,,3.7922089071944356,2.9054575958289206,2.987299431115389,2.538654853,,3.1055908985435963,,,3.8981862403452396,3.218507557641715,3.569919415283948,,,3.3800545637495816,,3.218033580109477,4.534457957372069,,,,2.927454391028732,,,,,3.335539978,3.569533091504127,3.521786856930703
tt_15.6h,,2.1307136453688145,,,3.796524014,2.9093470289371908,2.984576295129955,2.534662763122469,,3.1012149662710726,,,3.8783970712684095,3.218507557641715,3.569919415283948,,,3.379968783352524,,3.2110709925182164,4.532231095712632,,,,2.9236651635728776,,,,,3.3328830376267433,3.565522838383913,3.5186260920017958
tt_15.7h,,2.1274837497621775,,,3.784896637778729,2.9051406076177955,2.9818567875772715,2.5306829032488167,,3.096898430492729,,,3.8827341706492007,3.2136078593321145,3.5508388839662075,,,3.3798862788826227,,3.2041662628762424,4.534701941534877,,,,2.9282269859686494,,,,,3.3302788203582168,3.5696117524057627,3.5154986018314958
tt_15.8h,,2.1123521709814668,,,3.784896637778729,2.9010086385533214,2.979152202,2.526715739,,3.1006774911656976,,,3.8827341706492007,3.2087477068416774,3.5557090137153864,,,3.379806944169104,,3.2080648094415665,4.5325120110064745,,,,2.924490451347083,,,,,3.3276687962934375,3.5656533865258098,3.5124047636054456
tt_15.9h,,2.1091384682804346,,,3.7731057056225836,2.8969255476258695,2.976483380421996,2.5228451061993837,,3.096363250631839,,,3.8870814675465226,3.1975822960957885,3.5557090137153864,,,3.379730587825179,,3.2013484593480825,4.5325120110064745,,,,2.920831840019673,,,,,3.3163527897559106,3.561741608195007,3.509327240753919
tt_16.0h,,2.1091384682804346,,,3.761496478691697,2.892868210095912,2.9738472485914826,2.519020702224225,,3.096363250631839,,,3.868282307870686,3.192769999615848,3.5604312331415713,,,3.3796571199782193,,3.2013484593480825,4.530347461812198,,,,2.917181857395917,,,,,3.3138104863464832,3.5578578882850707,3.506303993985057
tt_16.1h,,2.110113699454814,,,3.761496478691697,2.888847925234586,2.9712862074375153,2.515205195173621,,3.0921959346160293,,,3.868282307870686,3.188116192817688,3.5417117080651224,,,3.379586453549564,,3.1946583003737032,4.532817374914885,,,,2.9135641627945006,,,,,3.3112996136769652,3.5540429656393826,3.503312789835036
tt_16.2h,,2.106961640994996,,,3.7658066540025175,2.888847925234586,2.968712044879794,2.511399263050407,,3.095896395854652,,,3.8726179827935994,3.1834643743932247,3.5417117080651224,,,3.379518502857536,,3.198631643783301,4.530688575468957,,,,2.910043381154537,,,,,3.308819511,3.5502737713977695,3.500353076029569
tt_16.3h,,2.103899274021387,,,3.7547496929764748,2.884892637375742,2.9661660036072135,2.5077027678489685,,3.091794944833964,,,3.8726179827935994,3.1834643743932247,3.5464283698238432,,,3.3794531850144267,,3.192083672154695,4.530688575468957,,,,2.9065574761480093,,,,,3.306369673460722,3.5502737713977695,3.497424852102995
tt_16.4h,,2.103899274021387,,,3.7547496929764748,2.8809735574759543,2.9636516151949763,2.504041353240609,,3.0876401914283633,,,3.8608468724414706,3.1789129939861596,3.528044010978192,,,3.3793904278427362,,3.185562741011381,4.533146818168461,,,,2.9031018591485918,,,,,3.303949601,3.5465470049530268,3.4945091232657433
tt_16.5h,,2.1048901309259236,,,3.7590566794387996,2.8847987302578986,2.9611491900868714,2.500398923177272,,3.0876401914283633,,,3.841944389976561,3.183870621956885,3.528044010978192,,,3.3793904278427362,,3.185562741011381,4.531053105,,,,2.9031018591485918,,,,,3.3015592750161886,3.534592900890857,3.4819751800969243
tt_16.6h,,2.101843393407762,,,3.7480312287807465,2.880931852851063,2.958694958128035,2.496785882860422,,3.0753097818233073,,,3.8651647297665477,3.1793475463055074,3.5166693623177707,,,3.379330158699304,,3.1733488,4.528983640484512,,,,2.8996556443162262,,,,,3.299182196,3.530906708,3.479112285654992
tt_16.7h,,2.101843393407762,,,3.7480312287807465,2.8770975745283067,2.9562659761868417,2.4932205472141504,,3.0712872575968504,,,3.846266285981983,3.1749274162575603,3.4989042752422392,,,3.3792722821235657,,3.166951112449169,4.528983640484512,,,,2.896331435069442,,,,,3.296853566542268,3.527259955648333,3.4762641424313188
tt_16.8h,,2.102894007228315,,,3.7523543159477413,2.8733356362208724,2.953866650816053,2.489719475619495,,3.067353252787143,,,3.846266285981983,3.1705747726373374,3.5213868538849056,,,3.379216722678393,,3.160663077607751,4.515336283,,,,2.8848000252619386,,,,,3.294554854,3.5236364137381315,3.473466550465673
tt_16.9h,,2.099885663483292,,,3.7413459150120616,2.869588151574135,2.9514927500858903,2.486259837,,3.0633797300979495,,,3.850572984199971,3.1662447955459356,3.5036278385668993,,,3.3827922055497766,,3.1544150803238153,4.513300837017596,,,,2.8814503448083997,,,,,3.292285575065762,3.5200718538835645,3.470698079559952
tt_17.0h,,2.0969135649502277,,,3.7405463214963675,2.8658511550165713,2.949151688721031,2.4828257565386593,,3.0711062378250062,,,3.8326523546129465,3.1662447955459356,3.4859987418167293,,,3.382738117594272,,3.1645842255093157,4.511289000045508,,,,2.8781623849645257,,,,,3.290045368,3.5165449217893183,3.4679585085250437
tt_17.1h,,2.0848322277888656,,,3.729538102634251,2.862209499347955,2.946799973025918,2.479398950468749,,3.0671400553546846,,,3.854889572132379,3.1711700852029026,3.5083897463046014,,,3.382686241529882,,3.158337722532451,4.515746064949781,,,,2.8749298551119864,,,,,3.287833347916603,3.5130550866015255,3.4652486057020724
tt_17.2h,,2.0818663802929223,,,3.718936405610293,2.8585597933270037,2.944508204702288,2.4760450148023665,,3.063329428434372,,,3.8369488548487425,3.1669577239081264,3.4907163423486054,,,3.382636506576091,,3.1522482968866825,4.513744026422501,,,,2.8717585848644376,,,,,3.2856502062641084,3.509584693238139,3.4625685471110046
tt_17.3h,,2.0789259104058146,,,3.7338281916454434,2.8550014565698802,2.942232292611152,2.472753854468465,,3.0595286008901894,,,3.819133415352553,3.162749211769551,3.513072481844574,,,3.3825888480059803,,3.1460857028141618,4.511765141505748,,,,2.868587666656822,,,,,3.2834790470078588,3.5061737345531583,3.459903073962778
tt_17.4h,,2.0800523688085377,,,3.7232500636018813,2.846353676635772,2.9399927272461355,2.469485182315111,,3.063268900383264,,,3.82515066,3.1586701697669923,3.4954031547531486,,,3.3825430483557284,,3.1561522893607616,4.509811931755394,,,,2.865459345281124,,,,,3.2813548194244504,3.5137475319206715,3.4572861562483013
tt_17.5h,,2.0800523688085377,,,3.7125690821558237,2.8427969445474446,2.937783316,2.466229946,,3.063268900383264,,,3.8072089445777237,3.154553741682321,3.4782545482739806,,,3.3824990009889007,,3.1500059026293457,4.514211291447282,,,,2.862406794447452,,,,,3.2792578730732203,3.5103131188079715,3.454696864821017
tt_17.6h,,2.0771291814744473,,,3.7168549657799304,2.839232857339084,2.9355767630040646,2.462982482742518,,3.059503648430109,,,3.829453705344349,3.1594497985206544,3.4839924187399447,,,3.382456650491804,,3.1440189252607524,4.512274792883545,,,,2.8593859504908323,,,,,3.277188321,3.506938260514289,3.4521361659280956
tt_17.7h,,2.0742824557237327,,,3.7168549657799304,2.835760464,2.9334123549051583,2.4598407987505198,,3.055808228906244,,,3.811504688579589,3.1594497985206544,3.466829835437238,,,3.3824159437790513,,3.1381756491027772,4.510368030052632,,,,2.856380845885724,,,,,3.2751454319804907,3.5035992758348584,3.449602223932743
tt_17.8h,,2.0782244871370494,,,3.706840189639479,2.832265719305724,2.931265279185027,2.4567416715435684,,3.059591633733362,,,3.8157974989153445,3.1555120213888586,3.471514761913568,,,3.382376838941127,,3.1420773463323712,4.512833956629038,,,,2.8609261410310864,,,,,3.273129327688366,3.5002950355410576,3.447097217
tt_17.9h,,2.0753704914823174,,,3.7111219367943704,2.828851569,2.9291312359273434,2.453653390519321,,3.059591633733362,,,3.8157974989153445,3.1515160906128585,3.471514761913568,,,3.3823392763733864,,3.1420773463323712,4.512833956629038,,,,2.8579673008061945,,,,,3.2711391746997833,3.4970250399783254,3.4446038701571524
tt_18.0h,,2.0725834826007485,,,3.7111219367943704,2.825442864559591,2.9270263416692615,2.4505854644812644,,3.0558852395042777,,,3.798752606380731,3.147655611857772,3.4547078576870263,,,3.3823032244108617,,3.1362539371475577,4.5109729138202965,,,,2.855065423063934,,,,,3.2691754130646586,3.4937716387212276,3.4421578906476498
tt_18.1h,,2.073708332143724,,,3.700873355846852,2.8220836110413074,2.924956899136305,2.4475371544249356,,3.0523468856699765,,,3.803025020286441,3.143769495654851,3.4593840702436864,,,3.3822686173953116,,3.1304992982186377,4.509147967211902,,,,2.855065423063934,,,,,3.2672214042395353,3.490574704,3.439738941
tt_18.2h,,2.073708332143724,,,3.6890674219466746,2.8259937334805727,2.9229014716111124,2.444556233473122,,3.0487660192884505,,,3.803025020286441,3.132573899347335,3.4593840702436864,,,3.382235400378704,,3.118349529337138,4.495521916076541,,,,2.852170074824244,,,,,3.2653111261315644,3.4947238164022565,3.4373457082547247
tt_18.3h,,2.070973979,,,3.6890674219466746,2.822675990872085,2.920868067070842,2.4416264235042036,,3.0364563884213567,,,3.7910938556306064,3.1288167675957084,3.443000190425664,,,3.3822035253979266,,3.112579043954611,4.495521916076541,,,,2.8493237188085914,,,,,3.263425460550934,3.4915402866899967,3.4349786839447916
tt_18.4h,,2.0559830898419023,,,3.679015214089304,2.8194097853265703,2.9188770782202482,2.4358686255291104,,3.0364563884213567,,,3.7910938556306064,3.1288167675957084,3.447734375949949,,,3.3697638167068362,,3.112579043954611,4.493734268471599,,,,2.846537632867694,,,,,3.261565004941076,3.4884106344543397,3.432637073099613
tt_18.5h,,2.053292633,,,3.6832868047058582,2.8161191367544234,2.914906160440296,2.4330139686353505,,3.032919815275818,,,3.7741703293286264,3.125039655249566,3.447734375949949,,,3.369732695631683,,3.107043252326548,4.496222956571728,,,,2.843750030733645,,,,,3.2597284335643053,3.4853142495267093,3.4303224282339215
tt_18.6h,,2.053292633,,,3.6832868047058582,2.8129289452917874,2.9129388579167426,2.4301776038482785,,3.0295108584687114,,,3.778446738,3.1214506244286895,3.436286896467209,,,3.3697028467431664,,3.1109158908948302,4.494479195214808,,,,2.8410132038407028,,,,,3.257917075417936,3.4853142495267093,3.433904433157295
tt_18.7h,,2.0506194443441927,,,3.6875522420741618,2.8129289452917874,2.9110160027630627,2.4274267684668303,,3.033277672249824,,,3.778446738,3.117751165293157,3.4201950589194894,,,3.369674223475158,,3.105457783676684,4.494479195214808,,,,2.8383268802426755,,,,,3.256130180787295,3.4822511998936534,3.431616270914674
tt_18.8h,,2.0518070636317134,,,3.677827919833362,2.809737406671047,2.9091303409077227,2.4247071822173893,,3.029869175516069,,,3.782721319,3.1226389426738024,3.4201950589194894,,,3.369646781589836,,3.1000010878778994,4.492770221550018,,,,2.8428369066677988,,,,,3.254367939196527,3.4792216448113322,3.4293378447182477
tt_18.9h,,2.0518070636317134,,,3.677827919833362,2.806581800803542,2.9072543173097074,2.422012735158205,,3.029869175516069,,,3.782721319,3.119104120414704,3.424842793494463,,,3.369620482902974,,3.1000010878778994,4.495270926505327,,,,2.8401493169367313,,,,,3.252613221295178,3.4762095734477043,3.427105105947703
tt_19.0h,,2.049169103614986,,,3.682089369,2.8034629113972187,2.905384410172701,2.4193491730839014,,3.0264688073657453,,,3.7869818550534546,3.1155161829665303,3.424842793494463,,,3.369595299474895,,3.0945669929496944,4.493597501888871,,,,2.837541840970516,,,,,3.250901384744793,3.480355749838054,3.4248978747054935
tt_19.1h,,2.050379234366119,,,3.672437974717468,2.8073853151872754,2.903549182228744,2.416690672747791,,3.030277836602181,,,3.770551019348204,3.1120659452863038,3.429480546154082,,,3.3695711665786803,,3.098482133820653,4.493597501888871,,,,2.834956762380898,,,,,3.2492142412811518,3.477375085,3.4227156317792833
tt_19.2h,,2.047773474827409,,,3.672437974717468,2.804291209205985,2.9017308242619038,2.414056633,,3.0269743357785046,,,3.770551019348204,3.1120659452863038,3.413602185435593,,,3.369548042304814,,3.0931024169549346,4.496106202248484,,,,2.8323804256506264,,,,,3.247550548519939,3.4744486333802342,3.4205568502657115
tt_19.3h,,2.047773474827409,,,3.6605346966534853,2.801225104369223,2.899921126663685,2.411491099279374,,3.0236870516091585,,,3.758713519666344,3.1169443274848163,3.413602185435593,,,3.3695260058157146,,3.087912811897695,4.494474937673658,,,,2.8298685154877603,,,,,3.245910633355379,3.4715542467311025,3.4184231916442513
tt_19.4h,,2.0489995959214866,,,3.6512192613445222,2.7982186572626233,2.898116178344935,2.408982578665018,,3.0236870516091585,,,3.742701152805239,3.113475399,3.4182614837773144,,,3.3695050184614956,,3.087912811897695,4.4928772379644215,,,,2.8273461582139134,,,,,3.2442935639992356,3.4686904791742563,3.416312811896205
tt_19.5h,,2.0464324238710105,,,3.6512192613445222,2.795212601311505,2.896349941380322,2.4064914491027594,,3.0274844211526215,,,3.7629783740267158,3.1101027107797563,3.4027922051027417,,,3.369485038,,3.091841950081289,4.480878981761634,,,,2.824859687127173,,,,,3.242699230555445,3.4658574191853404,3.414227443
tt_19.6h,,2.043889668304473,,,3.6554710818454623,2.792242404539138,2.894595076330006,2.404022093862295,,3.0242340243421495,,,3.746961907017976,3.1068589319474995,3.4067810010164976,,,3.369466018397361,,3.086674375925213,4.479289321228862,,,,2.822439548559487,,,,,3.241127601824701,3.4630554686300457,3.4121527476236224
tt_19.7h,,2.0315811061300337,,,3.646238248795271,2.789310000836849,2.8928697328083217,2.401571416761726,,3.021078174,,,3.746961907017976,3.103596261702478,3.3913152157329023,,,3.369466018397361,,3.0815456374548376,4.477725585922599,,,,2.8200099817477167,,,,,3.2395777669735253,3.4630554686300457,3.4101177603006363
tt_19.8h,,2.029040591791272,,,3.637161044869572,2.7864104877226055,2.891177056822926,2.3991252314299345,,3.0179255194962025,,,3.7512206863611937,3.100365854334086,3.376283963676542,,,3.369447919074446,,3.0764476619660854,4.476194689515978,,,,2.8200099817477167,,,,,3.2380502559244633,3.4510770924389362,3.4081108793616295
tt_19.9h,,2.0265639014542103,,,3.6504100537858903,2.7864104877226055,2.8894977518357337,2.3967454144731164,,3.008765865,,,3.7351701352745295,3.1084252586588264,3.3959326618351042,,,3.373185901902616,,3.069315076805651,4.4802487548440695,,,,2.8245316399261355,,,,,3.2427508775144815,3.4483055491000414,3.4061203435994685
tt_20.0h,,2.024132010526955,,,3.641432091,2.790286681149155,2.8878251872956753,2.394410594366491,,3.0056130215525627,,,3.7554654986597598,3.105201051570475,3.3809047392569482,,,3.3731684763915837,,3.064248569,4.478731615934521,,,,2.822137228678912,,,,,3.2412444530054927,3.4455466917715967,3.404159823898226
tt_20.1h,,2.0278135361149907,,,3.6324618803337216,2.7874028785154223,2.886179168242961,2.3921266179531813,,3.0025170953013003,,,3.739411181770265,3.1020207731053233,3.365980451926589,,,3.373151903040707,,3.059203044977039,4.477250405587256,,,,2.8197945482097566,,,,,3.239759185,3.4428394897840917,3.4022131264209747
tt_20.2h,,2.025393791962415,,,3.645676650572568,2.784559688065201,2.884536065161228,2.3898475258611143,,2.9994322266429663,,,3.727558466140181,3.0988765005022287,3.3854996100999415,,,3.373136144131422,,3.054382518399507,4.479816055390984,,,,2.8174449005164206,,,,,3.238295452669263,3.440162129700184,3.4002955965697765
tt_20.3h,,2.023019141983241,,,3.636706475634128,2.781741561368108,2.882915602531284,2.3875918122939765,,3.0032542278058827,,,3.727558466140181,3.095781867,3.3705968162976205,,,3.3731211638078094,,3.0630881935358047,4.479816055390984,,,,2.8151684124022722,,,,,3.236836085561663,3.437513353768736,3.3983970773406327
tt_20.4h,,2.0266601843759418,,,3.6248635295778513,2.7789495028555393,2.881296235602349,2.385348747484386,,3.0032542278058827,,,3.712377856951207,3.0927219628356397,3.375203541945666,,,3.3731069271452725,,3.058248925488442,4.478395834099501,,,,2.8128947792574763,,,,,3.2354158628731966,3.4348920369520783,3.396507244091481
tt_20.5h,,2.0242903823964298,,,3.6248635295778513,2.7761742980219424,2.879710423294455,2.383111836388707,,3.0002277977764606,,,3.7318080430850387,3.0814613308757544,3.375203541945666,,,3.373093400616199,,3.053411261178553,4.477010580711067,,,,2.8106441544368863,,,,,3.234017867129296,3.432300227228552,3.394659741781652
tt_20.6h,,2.0219564214348793,,,3.615862974897027,2.773429196793586,2.878140485379845,2.380944546777755,,2.9972669458948076,,,3.716624128166586,3.0814613308757544,3.3606504518538713,,,3.3730805520899594,,3.048588083591312,4.479623455088586,,,,2.8084365781396627,,,,,3.2312846602872014,3.4297185936011374,3.398277782369405
tt_20.7h,,2.023243820294738,,,3.6200981135480106,2.770708402618766,2.8765803738497198,2.378813864197582,,3.0010561938397586,,,3.720856084022671,3.0784263820387423,3.3636965355835855,,,3.373068350367248,,3.0524689201265574,4.479623455088586,,,,2.8062723609618843,,,,,3.2299493956379592,3.433856902178377,3.3964331233873963
tt_20.8h,,2.023243820294738,,,3.6200981135480106,2.7584913191385567,2.875062172766775,2.3767354814335704,,2.998062759,,,3.720856084022671,3.0754565889947116,3.349146863911301,,,3.373056765,,3.0524689201265574,4.478297899942845,,,,2.8041099654510617,,,,,3.2286343215964735,3.4313244577497244,3.3946312302723527
tt_20.9h,,2.0209442866034806,,,3.611609189771116,2.755800615,2.8735414119437337,2.374677998945117,,2.998062759,,,3.7055867053568363,3.072530926205218,3.3537218193523586,,,3.373045767657459,,3.0476983129046857,4.4648287715390325,,,,2.7925434475764632,,,,,3.227338725235313,3.4313244577497244,3.392846974544227
tt_21.0h,,2.0061874142847955,,,3.6158396350219846,2.7531280112452805,2.872042475733906,2.3726322054862976,,2.9951360588893294,,,3.724997742,3.0773145528510213,3.3537218193523586,,,3.373035330325365,,3.0430396609008312,4.463562286924571,,,,2.790406435728073,,,,,3.226063509006053,3.4288026485592127,3.3910891390405595
tt_21.1h,,2.0039195814169943,,,3.6158396350219846,2.7531280112452805,2.8705687979236245,2.3706072685308754,,2.9922878076322377,,,3.70982587,3.0744312130846083,3.339419662486762,,,3.3730254266411066,,3.046939451713115,4.463562286924571,,,,2.7882849792949855,,,,,3.224807914812118,3.42633066,3.3893464896827936
tt_21.2h,,2.0039195814169943,,,3.607132480479777,2.750499936,2.8690917915664613,2.3685905104503036,,2.996117976028472,,,3.6978846481069922,3.0715906457044184,3.344048938713968,,,3.3730160342529416,,3.0423760055564344,4.462329275906086,,,,2.7862220937386155,,,,,3.2235712721012533,3.4238868481479585,3.3876281175762415
tt_21.3h,,2.001665790565312,,,3.611379509791732,2.7478852765634656,2.8676364212296903,2.3665828029625118,,2.996117976028472,,,3.6978846481069922,3.0715906457044184,3.344048938713968,,,3.3730071601457894,,3.0423760055564344,4.4650117587298155,,,,2.7841505357064307,,,,,3.2223542272113264,3.421469015069306,3.3859289633110166
tt_21.4h,,2.0030306801199913,,,3.611379509791732,2.7452901951037347,2.866176392417401,2.3646472063846886,,2.993214331101626,,,3.7021181397140026,3.068772387690842,3.3299962170422077,,,3.3729987777769566,,3.037812227383256,4.463836633134633,,,,2.7841505357064307,,,,,3.221156746149063,3.4190796823240817,3.3842497994191945
tt_21.5h,,2.0030306801199913,,,3.6031338050961494,2.742722786962986,2.864751646,2.3608827674761415,,2.9904769202694297,,,3.687429462559521,3.0659724893048406,3.334558142349124,,,3.3768096640706062,,3.025568014010787,4.463836633134633,,,,2.7821210655383766,,,,,3.219962041359395,3.4231959437020123,3.3825949169695377
tt_21.6h,,2.0008137030526996,,,3.5912694726139307,2.740165931172669,2.863352718297392,2.359041666146368,,2.9781674654223025,,,3.687429462559521,3.070769701618701,3.334558142349124,,,3.376801683101803,,3.021025022957474,4.466541892848909,,,,2.7801103638485074,,,,,3.218803816009313,3.4208326977677643,3.3809407358057797
tt_21.7h,,2.0021950541995466,,,3.5912694726139307,2.7440997450612485,2.8619619333185256,2.3572284490801394,,2.975438555236906,,,3.691584851592779,3.068034876603633,3.3230860684998333,,,3.3767941500991583,,3.016600579,4.465423978399485,,,,2.7781361690722406,,,,,3.217665038071573,3.418497670441866,3.379329400137067
tt_21.8h,,2.0000122715719044,,,3.582865531090647,2.741587822791189,2.8605926991440356,2.355425037909299,,2.975438555236906,,,3.691584851592779,3.0652980720624328,3.309250319376588,,,3.376787042245269,,3.016600579,4.464338181074709,,,,2.7761829141527414,,,,,3.216544851195067,3.416186967,3.377737477887422
tt_21.9h,,2.0000122715719044,,,3.5870788781903684,2.739086943678558,2.859247537329793,2.353625028859824,,2.9727285392582417,,,3.6958089815452695,3.0626743799075484,3.309250319376588,,,3.3767803385853767,,3.0121902800165117,4.464338181074709,,,,2.7742306170985103,,,,,3.2154425089247525,3.4138857652433217,3.376163975801319
tt_22.0h,,2.001409251242876,,,3.5788401421159506,2.736613092944026,2.8579143728129566,2.351861857343465,,2.976520780939609,,,3.6813357193022966,3.0626743799075484,3.3138135406188667,,,3.376774017699063,,3.016084922477603,4.467091059312224,,,,2.778720827307552,,,,,3.2143588135950267,3.4138857652433217,3.376163975801319
tt_22.1h,,1.9992871573194861,,,3.5913067064248025,2.7341547813266516,2.8565762122161686,2.3501008870080113,,2.973881520330906,,,3.6813357193022966,3.060067232232541,3.3002870972268283,,,3.376768060028553,,3.011717561632395,4.46606136,,,,2.776819816790521,,,,,3.213293299,3.4116327464580536,3.3746122284792364
tt_22.2h,,1.9971654461696744,,,3.583048968575895,2.731738152448088,2.8552798903547227,2.348403463,,2.9712185859680176,,,3.669449069071561,3.0648509552702308,3.318349956534803,,,3.3767624464817345,,3.007413502316922,4.46606136,,,,2.774911274202168,,,,,3.212245214730501,3.4094049013219774,3.3730768924579024
tt_22.3h,,1.9971654461696744,,,3.5750784310512245,2.7293211515061557,2.854005929082632,2.3467296925373375,,2.9712185859680176,,,3.6551184384152293,3.062284695915878,3.304826716,,,3.3767571593634784,,3.007413502316922,4.452733401674777,,,,2.7730481680482626,,,,,3.211213859729469,3.4135134629905224,3.3715611840598285
tt_22.4h,,1.9824672625400126,,,3.5872505051083863,2.7293211515061557,2.8527199840173125,2.3451089719310403,,2.975019367877394,,,3.6736574517562985,3.0597329307347536,3.304826716,,,3.376752181444317,,3.0112732388079166,4.4517592075280845,,,,2.771181851159781,,,,,3.2102004350163043,3.411313049,3.3700648681260645
tt_22.5h,,1.9803900942206383,,,3.5793040487915277,2.733249198179692,2.851457648910582,2.3435166142880917,,2.972392773255706,,,3.6593235889449716,3.0572399962693453,3.3093737801536918,,,3.376747495960444,,3.0070720477961004,4.450823729392141,,,,2.769370266702026,,,,,3.2092042663134634,3.4091348233632743,3.368585587479174
tt_22.6h,,1.9783613607287407,,,3.5713246115483344,2.730867640580982,2.8502104566432536,2.3419192382134497,,2.9698003754019737,,,3.677881230134517,3.0547399963252246,3.2960673863999546,,,3.3767430880106986,,3.0029032924212515,4.450823729392141,,,,2.7675633765757084,,,,,3.208224741742015,3.406985663343221,3.367127092089504
tt_22.7h,,1.9818299040198326,,,3.5673969532363117,2.7285071057267487,2.854292165953666,2.3403675029985607,,2.9672629861161113,,,3.6635437360964715,3.045890038833022,3.2978060003370047,,,3.3767389417625964,,2.9987740251235664,4.453666532877833,,,,2.765787824522704,,,,,3.2072612904012203,3.404856256674975,3.370758999604732
tt_22.8h,,1.9797822083346546,,,3.559439192,2.7261653561145067,2.8530576350167394,2.338806309271604,,2.973655271809548,,,3.6497231097891927,3.0434144171886146,3.284501355,,,3.3767350437119603,,3.0068400125019252,4.452806925866753,,,,2.764017941,,,,,3.206315077841282,3.4027570877224207,3.3693191381171346
tt_22.9h,,1.9778009383007884,,,3.5516844955272973,2.723848208785057,2.8518368718214333,2.337253417354077,,2.9710891311988235,,,3.6677666599862278,3.0409796801395714,3.2715423507615924,,,3.376731380354613,,3.002713649533689,4.451987739186734,,,,2.7622716543264687,,,,,3.205385746434331,3.4006754704751074,3.367898378521204
tt_23.0h,,1.9812927693128586,,,3.563631766010076,2.7215620409697294,2.850642645265907,2.335747735,,2.968591779936105,,,3.6539423689246178,3.038548087,3.289073673542589,,,3.380617761518806,,2.998570072930306,4.455695249140263,,,,2.766732329968363,,,,,3.2044562743976712,3.398626210168004,3.366498490795493
tt_23.1h,,1.9792913235723972,,,3.555876915343106,2.719288475,2.848292106296867,2.334227004,,2.9661288978531957,,,3.655800097156316,3.0361818713136017,3.2760736900381744,,,3.380614067427814,,2.994568699039519,4.454910681117326,,,,2.766732329968363,,,,,3.203582297079265,3.3866363135166466,3.3650992489419878
tt_23.2h,,1.977336362,,,3.5480321613140404,2.7170781875029206,2.8471403238363564,2.332771250978112,,2.953843097668141,,,3.6419958556070924,3.0338301830925047,3.2632072046399117,,,3.3806105968542397,,2.9863697863183916,4.454165849369019,,,,2.7650085538625717,,,,,3.202702464,3.3866363135166466,3.3637385312467813
tt_23.3h,,1.9788128631189466,,,3.5600844463333488,2.7148365415632725,2.846025635,2.331364455167204,,2.953843097668141,,,3.628414355684072,3.038603151217103,3.2805956904776394,,,3.380607338156551,,2.982363199349493,4.453460313379765,,,,2.763316545635462,,,,,3.2018393552862108,3.3846035194583237,3.3623973140493035
tt_23.4h,,1.9788128631189466,,,3.552220264915377,2.7187628648243845,2.8449187236838043,2.3299511754885316,,2.9514337820000947,,,3.6462200842797756,3.038603151217103,3.2677320996299386,,,3.380604279693216,,2.978380967397243,4.457134429831058,,,,2.7616288126446307,,,,,3.200992147438228,3.3826029608026147,3.3610727111808956
tt_23.5h,,1.9769000234082341,,,3.544878568034619,2.716589138377458,2.843817466404289,2.3285940904170275,,2.948999742977321,,,3.6326348772272468,3.036273484583944,3.272232490591705,,,3.380601409357041,,2.974436121992767,4.456463106907904,,,,2.759955775924027,,,,,3.200160395819694,3.3806034638546407,3.359765288885683
tt_23.6h,,1.975020891521126,,,3.556401235051453,2.716589138377458,2.8427339834161103,2.327285219915211,,2.9528341684490442,,,3.6368573284707963,3.033981842454523,3.272232490591705,,,3.380598717369139,,2.9783423636108637,4.455830395,,,,2.75830972,,,,,3.199343472,3.3786827591247857,3.3584769144654274
tt_23.7h,,1.9604030582122505,,,3.5490622939541936,2.714405627,2.841686020605266,2.3259389703162014,,2.950455667451024,,,3.6368573284707963,3.0317682907916605,3.259736340958625,,,3.380596193484962,,2.9783423636108637,4.442774711642414,,,,2.7566816709004343,,,,,3.1985425227321684,3.376751850824803,3.357204098254442
tt_23.8h,,1.9604030582122505,,,3.537134707439691,2.712260477244854,2.8406416666693985,2.3246327033266425,,2.950455667451024,,,3.6410693335346878,3.0295623843558133,3.2483446300029755,,,3.3805938279256225,,2.9744302430190146,4.442774711642414,,,,2.7550813662819564,,,,,3.197757288813591,3.374845887068659,3.3559481715783477
tt_23.9h,,1.958569944370538,,,3.537134707439691,2.710119041148573,2.839599143,2.3233651290647686,,2.9480904303491116,,,3.6410693335346878,3.0343248578719795,3.2483446300029755,,,3.380591611377895,,2.9705908372998238,4.442213939502835,,,,2.7534844293259084,,,,,3.2023918968625367,3.3729616929776967,3.3547097835689783
tt_24.0h,,1.9600712643004954,,,3.5295947045087814,2.708032449707389,2.8385793464258313,2.322067031171173,,2.9457897869870067,,,3.6277389428578317,3.0321214771829545,3.252851612865925,,,3.3805895359255373,,2.9744601720012724,4.441690624691546,,,,2.7519186763092875,,,,,3.201620897743851,3.377069582697004,3.353487600106746
tt_24.1h,,1.9600712643004954,,,3.533767107874155,2.7059482359327376,2.837589747272432,2.3207906833849847,,2.949633216485381,,,3.6158579592593014,3.0321214771829545,3.252851612865925,,,3.3805875927209854,,2.9706639824435115,4.444811372552067,,,,2.7563949059695005,,,,,3.2008649557828903,3.375208322890103,3.352281679864973
tt_24.2h,,1.9582840939983726,,,3.526380414608866,2.703912779223174,2.836607140954584,2.3195601697079837,,2.949633216485381,,,3.6158579592593014,3.0299833212047815,3.2404345353133976,,,3.3805857743136585,,2.9706639824435115,4.444811372552067,,,,2.7548380703665316,,,,,3.200122818350792,3.373371357098222,3.3510937499813735
tt_24.3h,,1.9597828150726855,,,3.526380414608866,2.6917426623404026,2.8356316392309964,2.3183431765064597,,2.947351971641183,,,3.620085211470723,3.027831477113068,3.2449404639191926,,,3.3805840737186372,,2.966919230297208,4.444365561474115,,,,2.753315529320389,,,,,3.1993942027911544,3.3715528892353177,3.3499230570159853
tt_24.4h,,1.9580165781080723,,,3.5305694472044706,2.689702276,2.8346700612455606,2.3171343016438186,,2.9450820344500244,,,3.606812862213701,3.0325943687930703,3.2449404639191926,,,3.380582483,,2.9707803786732256,4.4475321671925485,,,,2.7518052221275866,,,,,3.198680181056261,3.3715528892353177,3.3487524786032736
tt_24.5h,,1.9580165781080723,,,3.523426217958331,2.6877120779827237,2.833714911248535,2.314855924807489,,2.9489223062992096,,,3.606812862213701,3.0305063198320568,3.2494412935338914,,,3.368424566462636,,2.967016916256398,4.4471485377289355,,,,2.7503109611570835,,,,,3.197961244,3.3697592625394464,3.3476171726360917
tt_24.6h,,1.9562755818478763,,,3.523426217958331,2.6857389197684824,2.8327922602184117,2.3137506898492575,,2.946690603159368,,,3.611030427273363,3.028416855726391,3.237385281827301,,,3.3684230633080006,,2.9633989119902253,4.4471485377289355,,,,2.7488390123471618,,,,,3.1972758932970464,3.3680122583173215,3.346498503
tt_24.7h,,1.9578272411599755,,,3.527608922,2.6837969408370554,2.831874945666641,2.31266142,,2.946690603159368,,,3.611030427273363,3.0263887573964894,3.237385281827301,,,3.368421658873558,,2.9633989119902253,4.446800457313657,,,,2.7488390123471618,,,,,3.1966039170511067,3.366261695511639,3.345395519398153
tt_24.8h,,1.9561143442988396,,,3.5203692922368646,2.681846513878554,2.830977378,2.3116124384105206,,2.9444791227579117,,,3.615219772,3.0263887573964894,3.225781072396785,,,3.3684203471057117,,2.951206195168197,4.450052969623357,,,,2.747392635792494,,,,,3.195944677107036,3.3703729677945375,3.332935038022697
tt_24.9h,,1.9561143442988396,,,3.5203692922368646,2.681846513878554,2.830099342856556,2.3106000614352524,,2.932255255058408,,,3.6024578674696386,3.024384170770645,3.213682118,,,3.3684191228821874,,2.9475561515428126,4.449772523250431,,,,2.745964801404625,,,,,3.1952977762557566,3.3686432782560587,3.3318495582789183
tt_25.0h,,1.941573912743479,,,3.5084217744879425,2.6799432621337473,2.8292371933348477,2.309571139048785,,2.930072894319892,,,3.603353257291019,3.012990616261959,3.213682118,,,3.3684179801493883,,2.943972166161984,4.449772523250431,,,,2.744542387779802,,,,,3.1946646817959845,3.366935182362795,3.3307807366363704
tt_25.1h,,1.939899092540145,,,3.501478156540543,2.683896347414702,2.8283909568563104,2.308556839823723,,2.9279125025495887,,,3.590589298401028,3.0110025256872177,3.2181772752664983,,,3.3684169142507017,,2.9404319250024855,4.436974877957255,,,,2.732905938755721,,,,,3.1940452703274786,3.365233464166522,3.3297278564423323
tt_25.2h,,1.939899092540145,,,3.501478156540543,2.6820041313767433,2.827566169667989,2.307569360360503,,2.9279125025495887,,,3.590589298401028,3.0090969162993133,3.2064972473308444,,,3.3684159205295146,,2.9404319250024855,4.4367784592323005,,,,2.731510694604367,,,,,3.1934390077367425,3.3635717472061515,3.3286900129169226
tt_25.3h,,1.941498481668532,,,3.5056306454353034,2.6801416245289147,2.826747250277549,2.3066075923852623,,2.931790023110807,,,3.594816975761205,3.007175353821367,3.222651389427483,,,3.368414993863553,,2.944270850624889,4.436624446883798,,,,2.7301425896584988,,,,,3.1928452816791832,3.3619332197122276,3.327667291741818
tt_25.4h,,1.9398582382127643,,,3.4986495305784047,2.678298998158425,2.8259468036703765,2.305636601988226,,2.929701801389456,,,3.582199232187122,3.0052823866717517,3.2109898030757904,,,3.368414130527526,,2.9407960576936603,4.436624446883798,,,,2.7287846100516617,,,,,3.192263351753354,3.3603140469640493,3.3266599383205175
tt_25.5h,,1.938239224255085,,,3.5098259984515607,2.676483015,2.8251671721227467,2.3046755040995777,,2.9276174693368375,,,3.5990606187842786,3.0052823866717517,3.1994520290754735,,,3.3684133267961442,,2.9373323544859886,4.440035650506616,,,,2.7274456075392663,,,,,3.1916923127137125,3.3603140469640493,3.3256684825755656
tt_25.6h,,1.9414376919157803,,,3.502798109780997,2.674697564,2.8244003928266466,2.3037407086230814,,2.9255327256396413,,,3.5863981675356627,3.0100073497742414,3.2155390745028853,,,3.3684125784784555,,2.933889760170132,4.439963900949806,,,,2.726125049,,,,,3.191132166888565,3.364416674245149,3.324690836
tt_25.7h,,1.939834835473448,,,3.496145509183407,2.672923124395311,2.823640664573759,2.302827908657491,,2.931463986169547,,,3.5738486871123314,3.0081306626088917,3.2039373093284667,,,3.3684118818491697,,2.941261443309486,4.439932794775814,,,,2.7248288178816438,,,,,3.1905851433984935,3.3628447260707617,3.323727272916585
tt_25.8h,,1.9382566325366497,,,3.5069397129118443,2.6711866036057472,2.822892428841442,2.3019497743807733,,2.9293832378461957,,,3.590643431060016,3.006291749421507,3.2039146227762103,,,3.368411234114319,,2.937820651,4.4434366836212575,,,,2.723551757168025,,,,,3.1900511253625154,3.361268906854093,3.322779139969498
tt_25.9h,,1.9366803639568388,,,3.500290084630251,2.6694749663583934,2.822160446085036,2.301078180782497,,2.9273354578763247,,,3.578080386389047,3.004451261367649,3.1922963932156563,,,3.3684106315486133,,2.9344833698123693,4.443445576354861,,,,2.722285413648933,,,,,3.189529832918197,3.359711106866598,3.321845672558993
tt_26.0h,,1.9398821634240448,,,3.493427630048245,2.6733856755308807,2.8214445249177516,2.300231489818543,,2.9253510562703013,,,3.578776512760669,3.0026664435863495,3.180977167095989,,,3.3724419558420777,,2.931143594905734,4.443493967875838,,,,2.7210457576438785,,,,,3.189020960126072,3.358174290973693,3.3209256334230304
tt_26.1h,,1.9383312123827636,,,3.488396500237286,2.6733856755308807,2.820741913281381,2.299412801861763,,2.9292100872844458,,,3.566223711706698,3.0009172558784485,3.1967723798006773,,,3.372441390529275,,2.938337196595967,4.443581119645387,,,,2.7198287239298224,,,,,3.188508096616715,3.3566569657996297,3.3200206393375993
tt_26.2h,,1.9367957445792854,,,3.4815566050820053,2.6716805091127753,2.8200493194162846,2.298624658025801,,2.9292100872844458,,,3.570365122985095,3.007328629028052,3.185456474777311,,,3.372440865263343,,2.9349949890747666,4.4470598553307354,,,,2.724275417160243,,,,,3.1880237623117864,3.355158193036914,3.319130056537688
tt_26.3h,,1.9223432396538556,,,3.4749653353355825,2.6700090398080647,2.8193676420487463,2.297860153950751,,2.9272204623557627,,,3.570365122985095,3.0055446792393923,3.174156608991325,,,3.372440865263343,,2.9316809880547225,4.447185943834484,,,,2.724275417160243,,,,,3.187550886068493,3.3536797212436795,3.3182545881718397
tt_26.4h,,1.9223432396538556,,,3.479122940916568,2.668364631012082,2.8187020546756685,2.2971129142679274,,2.925245387945324,,,3.558285217,3.0038364524953067,3.189945825841278,,,3.372440377715975,,2.9284522770904005,4.447349553462118,,,,2.7230647862888873,,,,,3.1870842748321593,3.341684417799115,3.3173762438818812
tt_26.5h,,1.9208331159316003,,,3.479122940916568,2.666738150641322,2.8180365744046867,2.2963810334913433,,2.913053703,,,3.574619370047003,3.0021403515711427,3.178637963719666,,,3.372439925093204,,2.916211291681975,4.434916363097727,,,,2.721881967037916,,,,,3.1866288036108017,3.3402258516289294,3.3165304781869054
tt_26.6h,,1.9224991858936846,,,3.4725493332371116,2.6651187534444034,2.8174007860943675,2.2956722052767873,,2.911112588364631,,,3.5625258907675743,3.0004370608367026,3.18311533,,,3.3724395050667226,,2.916211291681975,4.434916363097727,,,,2.720712689,,,,,3.1861847075633705,3.338786051142961,3.315699151251465
tt_26.7h,,1.9224991858936846,,,3.4766822294332087,2.6635271664708853,2.8167768768034875,2.2949868850409985,,2.911112588364631,,,3.5667818863876164,3.0051453774794936,3.18311533,,,3.3724391157738864,,2.9130243696272373,4.43515442,,,,2.719569348730147,,,,,3.185751869343221,3.338786051142961,3.314882178325206
tt_26.8h,,1.9210247020237148,,,3.4766822294332087,2.661951994523406,2.81616615,2.294323732610792,,2.9092036453075707,,,3.5667818863876164,3.0034902398474514,3.172193422,,,3.372438754886389,,2.9098301040939987,4.435427857097238,,,,2.7184423985891044,,,,,3.185330083593726,3.3373662708327174,3.318566450383514
tt_26.9h,,1.9195704702287912,,,3.4701627418398857,2.665903253480792,2.815567100420594,2.2936656940728426,,2.9130937824957073,,,3.5547382654622197,3.0034902398474514,3.160593290347606,,,3.3724384205415845,,2.9136714967899024,4.439193707890809,,,,2.717336197849363,,,,,3.1849191416986287,3.3359643393196166,3.3177624428644776
tt_27.0h,,1.921256591565907,,,3.474293474573642,2.664355278480798,2.814981302,2.293018718250096,,2.911206544842571,,,3.5428897594101727,3.0018405877053738,3.160593290347606,,,3.372438110411167,,2.9105476746335626,4.439193707890809,,,,2.7162557803094387,,,,,3.184518830385059,3.3345821467228234,3.3169554150663316
tt_27.1h,,1.921256591565907,,,3.474293474573642,2.662828741595149,2.8144079786725342,2.2923800251446664,,2.911206544842571,,,3.5428897594101727,3.0002142088487744,3.1650703055784106,,,3.372437823563814,,2.9105476746335626,4.4395379717461765,,,,2.7151874136179686,,,,,3.184128920547664,3.3332030936144292,3.3161806822754443
tt_27.2h,,1.9198268614709377,,,3.462315460667014,2.6613219822756946,2.813850454520434,2.2917603137902915,,2.9093368821777403,,,3.547136620618403,2.9986173077486455,3.1541688167490065,,,3.3724375581368804,,2.9074564990587533,4.4433597144670784,,,,2.7196178,,,,,3.183749223,3.331862303894013,3.3154197433032095
tt_27.3h,,1.9215704454109073,,,3.4560953858308494,2.6613219822756946,2.813307243399322,2.291160470806062,,2.907509005628526,,,3.547136620618403,2.987214875407517,3.1541688167490065,,,3.372437312733382,,2.9113461701199412,4.4437723574228585,,,,2.718573766760528,,,,,3.1833794764243066,3.3359889769926667,3.314672054257244
tt_27.4h,,1.9201768883503973,,,3.4560953858308494,2.6598489112220705,2.8127759639173746,2.290569075383246,,2.9114335919730365,,,3.5513982749544084,2.9856652533635497,3.1586720352061093,,,3.372437085490674,,2.908259271644056,4.4437723574228585,,,,2.7175381425768137,,,,,3.183018045965582,3.3346645571291447,3.3139378102496266
tt_27.5h,,1.9201768883503973,,,3.460219091270119,2.658391319680959,2.8122560060583055,2.290000465232879,,2.909610853996128,,,3.5397050394676626,2.9841195456683636,3.1586720352061093,,,3.372436875477433,,2.905213754158467,4.444215327966958,,,,2.7165242224000394,,,,,3.182665193,3.3333425889723003,3.3132163835689425
tt_27.6h,,1.9058184153400362,,,3.453890933189541,2.656942958943546,2.8117513773031533,2.288874585647136,,2.909610853996128,,,3.5397050394676626,2.9841195456683636,3.163147204555571,,,3.3765288372524083,,2.905213754158467,4.448105905,,,,2.7155259801074862,,,,,3.1823212862946093,3.332058461382985,3.3125077285803854
tt_27.7h,,1.9044598350301385,,,3.453890933189541,2.6447692620567977,2.810774968005717,2.288340123835951,,2.9078236180357635,,,3.543955627363175,2.982595565728843,3.1526081352494657,,,3.3765286412090063,,2.909107288811356,4.448589957,,,,2.7145420336164534,,,,,3.1819864329881966,3.3307931809686124,3.311811369843781
tt_27.8h,,1.9044598350301385,,,3.458012548740953,2.643355113454163,2.8103073369711637,2.2878161380067468,,2.911680973134935,,,3.5323440129868686,2.9810920925810933,3.1526081352494657,,,3.376528460532427,,2.906133117619902,4.448589957,,,,2.713582673110068,,,,,3.186573512852192,3.3307931809686124,3.3111270032823086
tt_27.9h,,1.9061865909025073,,,3.451910787727684,2.6419665501452982,2.809851882047951,2.287311944179237,,2.9099185168743134,,,3.532030628528446,2.985800460446626,3.140962210483849,,,3.376528293825686,,2.9031489957123995,4.436412450391799,,,,2.712636093609035,,,,,3.186246508732438,3.329570054076612,3.3104562358930707
tt_28.0h,,1.9048604741692543,,,3.451910787727684,2.6405787048861384,2.809406045358628,2.2868294809013605,,2.9081691512838006,,,3.5205043531022966,2.9843039088882506,3.130351777654141,,,3.37652814,,2.900218329858035,4.436935545876622,,,,2.712636093609035,,,,,3.1859284513629973,3.3283412689343095,3.3097989605739713
tt_28.1h,,1.903552033007145,,,3.4560304167680442,2.6392366639338434,2.8089735875837505,2.2863546619191766,,2.9081691512838006,,,3.5205043531022966,2.9828538396395743,3.130351777654141,,,3.3765279976651073,,2.900218329858035,4.437475170008838,,,,2.7117040446028113,,,,,3.1856193002313375,3.3324476149864495,3.3091518278233707
tt_28.2h,,1.903552033007145,,,3.449923464562744,2.6379154114983976,2.808554428629577,2.285907012876123,,2.895936588291079,,,3.5247712484560907,2.9814232420176268,3.1348413191735744,,,3.3765278668142855,,2.8880564547143877,4.437475170008838,,,,2.7161305830813944,,,,,3.1853189668618143,3.331237997394055,3.3085160828195512
tt_28.3h,,1.9053002162836492,,,3.449923464562744,2.6366039658896625,2.808139258995652,2.2854727879166603,,2.894201281,,,3.5134993311949074,2.980009503196925,3.124568695,,,3.376527746208012,,2.8851635633036494,4.441449669,,,,2.715225758962333,,,,,3.185027324128896,3.3300471287220716,3.307893809862435
tt_28.4h,,1.9040202647447586,,,3.4379370235837996,2.6353139937855303,2.807734648231417,2.285047732293606,,2.8925135140307248,,,3.5290286014787853,2.9860740397125483,3.1393757150508463,,,3.3765276353806257,,2.8823108416981995,4.442024865653366,,,,2.7143317447043955,,,,,3.1847441662102938,3.3288743342272937,3.307283986825496
tt_28.5h,,1.9027676982805133,,,3.4319981024600565,2.6340330080129206,2.807344281114638,2.284640963189304,,2.8908241456374526,,,3.517767604906112,2.9846741799265146,3.129065375775099,,,3.3765275329351425,,2.8823108416981995,4.442614509724081,,,,2.713452027179301,,,,,3.1844694311730564,3.327718660235405,3.306683288421482
tt_28.6h,,1.905834044329822,,,3.4259769557975233,2.6392340171150863,2.8069629659876227,2.284251701552421,,2.896422544,,,3.517767604906112,2.9832849465310574,3.118933186866343,,,3.3765274393372238,,2.886153272818774,4.446017118170857,,,,2.7125952187925577,,,,,3.1842028801329434,3.3265809300355613,3.306095289532095
tt_28.7h,,1.9045851775445044,,,3.4361138651147485,2.6379686151631176,2.8065904127433896,2.283879501745105,,2.8947450988925993,,,3.5219799242913723,2.981906360015273,3.1335372659377754,,,3.3765273527242243,,2.883316862862557,4.446625530719757,,,,2.7117465059272945,,,,,3.1839444055221975,3.3254604330286384,3.305520194
tt_28.8h,,1.903360167518258,,,3.430091726128012,2.6367239840328693,2.8062299764715135,2.283517818,,2.8930961582809687,,,3.5109600629657507,2.9805661998689175,3.1234298050403595,,,3.3765272735618055,,2.8805241687223315,4.4472469901666045,,,,2.710923688020557,,,,,3.183693860191852,3.324354926124215,3.3049563793465495
tt_28.9h,,1.8890609126538038,,,3.434226029086858,2.6354920868761837,2.8058786373585463,2.2831721045076847,,2.8914441554807127,,,3.510148761793971,2.9792292593047023,3.1118259127251804,,,3.3765272004529834,,2.8777695866301656,4.447880668,,,,2.7101069004274905,,,,,3.183451001998037,3.3284701937809587,3.308655123692006
tt_29.0h,,1.8890609126538038,,,3.434226029086858,2.634270186070353,2.805538716260344,2.2828420107252896,,2.895385627169162,,,3.4991278145462275,2.983885617926717,3.1118259127251804,,,3.3765271338634193,,2.884344513528049,4.451287514530122,,,,2.7093120785430074,,,,,3.1832156516611576,3.3284701937809587,3.308103588409722
tt_29.1h,,1.887860745191574,,,3.428392570000142,2.633066835347563,2.805208063684404,2.2825279282405972,,2.895385627169162,,,3.503402628470212,2.983885617926717,3.1017843931913376,,,3.3806771389208734,,2.8816189686767757,4.451938188,,,,2.708536369726062,,,,,3.1829871921800077,3.3273822381161153,3.3075641985051334
tt_29.2h,,1.889658800791949,,,3.432523299008608,2.6318836268037558,2.804887685459107,2.282229173462838,,2.893773301038891,,,3.503402628470212,2.982576096430421,3.1162991197779775,,,3.3806770760565996,,2.8788791429251432,4.4525995794683695,,,,2.7077702921815217,,,,,3.1827658154070377,3.326310517732054,3.3070366331376135
tt_29.3h,,1.889658800791949,,,3.432523299008608,2.6307165818288922,2.8045771843753755,2.2819451177492738,,2.8921701568178833,,,3.4922482115216553,2.9813039861619473,3.1062591206282377,,,3.3806770187802613,,2.876150037162006,4.440571934450418,,,,2.6960859815590084,,,,,3.182551278732717,3.325254503171891,3.306518183555454
tt_29.4h,,1.888493260834366,,,3.4267980656586587,2.629574942868203,2.8042751606553793,2.2816757312975824,,2.8961175861768425,,,3.5076799700036645,2.9800334833562374,3.1107190111652017,,,3.380676966160536,,2.8800272094085813,4.440571934450418,,,,2.695337850600481,,,,,3.182343670167029,3.324213241,3.306518183555454
tt_29.5h,,1.8873445568606257,,,3.4148209770210087,2.6335374703630805,2.803980119060725,2.2814197572879493,,2.894512894563377,,,3.4964696196839213,2.9787932708859444,3.1107190111652017,,,3.380676917731762,,2.8800272094085813,4.4412581864744425,,,,2.6946054762229323,,,,,3.182142661418766,3.3231875924393535,3.3060110602527857
tt_29.6h,,1.8892045277170837,,,3.4148209770210087,2.632407323922962,2.8036952312104404,2.2811679067090154,,2.894512894563377,,,3.500747846439481,2.9673223472200334,3.100929961539805,,,3.380676917731762,,2.877382245,4.445344137959182,,,,2.6946054762229323,,,,,3.181948403827846,3.322177312336862,3.3055156343616545
tt_29.7h,,1.8892045277170837,,,3.4090143819339573,2.6313028750009835,2.8034187094308436,2.280927785206586,,2.892976534087211,,,3.500747846439481,2.9660772308707237,3.1054066084325314,,,3.3806768730282784,,2.874731920659542,4.446052315179259,,,,2.693890944123268,,,,,3.181760552804917,3.3101909677498043,3.3050317727029324
tt_29.8h,,1.8880826868116856,,,3.413117920048535,2.6313028750009835,2.803153719753027,2.280701607465744,,2.880834316369146,,,3.4900427008979023,2.9660772308707237,3.1054066084325314,,,3.380676832050085,,2.8624816052615643,4.446052315179259,,,,2.693189720623195,,,,,3.1815790217369795,3.309197735,3.3045572005212307
tt_29.9h,,1.8899481580592692,,,3.413117920048535,2.6302159908227623,2.802895520348102,2.280487476848066,,2.8793007964268327,,,3.4782174420543015,2.9648568369448185,3.095607931725681,,,3.380676794797182,,2.859872432425618,4.446767006069422,,,,2.6925024329684675,,,,,3.1814038227312267,3.3082191343419254,3.3040931676514447
tt_30.0h,,1.888870990369469,,,3.4076299746520817,2.6291439062915742,2.802648866083473,2.280285486020148,,2.8793007964268327,,,3.4782174420543015,2.9636607309803367,3.083996574394405,,,3.380676760338247,,2.859872432425618,4.450873731635511,,,,2.691833761986345,,,,,3.1812347848899662,3.307255513034761,3.3036400973796844
tt_30.1h,,1.888870990369469,,,3.4117312128655612,2.6280945064499974,2.802407057955861,2.2800951590761542,,2.877775256987661,,,3.4824874051846564,2.9683249136433005,3.083996574394405,,,3.3806767291389406,,2.8572883545421064,4.451546688,,,,2.691184803377837,,,,,3.1810715831816196,3.307255513034761,3.303198166191578
tt_30.2h,,1.8745788750238717,,,3.4117312128655612,2.6270660678856075,2.790370757225901,2.2799160513095558,,2.876276209484786,,,3.4824874051846564,2.9671547203324735,3.088490162510425,,,3.3806767002679408,,2.8611352061852813,4.451546688,,,,2.6905500572174788,,,,,3.180914278142154,3.3063061530701816,3.302766973618418
tt_30.3h,,1.8735561091452837,,,3.406193620059639,2.631036877632141,2.7901400588452816,2.279747708234936,,2.880197095219046,,,3.486771919298917,2.9659921801649034,3.079011464957148,,,3.3806766737252474,,2.858585066627711,4.455572788603604,,,,2.694965064059943,,,,,3.1807627249509096,3.3053717855364084,3.3023456102237105
tt_30.4h,,1.8735561091452837,,,3.410292682237923,2.6300247283652425,2.7899176366627216,2.2795896944589913,,2.878731641918421,,,3.4761327439919114,2.9648416554555297,3.079011464957148,,,3.3806766495108604,,2.856047702487558,4.456172992940992,,,,2.6943388232029974,,,,,3.1806167792528868,3.3044523946009576,3.3019347693771124